individual_id,generation,rank,crowding_distance,status,cached,objectives,genome,metrics,generation_recorded
gen0_phase1_baseline,0,0,3.186030799065697,success,False,"[0.8074, 0.2741529412735673, 0.40492488404477084, 3585.0, 0.0896, 28.758]","{'hidden_dims': [64, 32], 'dropout_rate': 0.2, 'activation': 'relu', 'learning_rate': 0.001, 'weight_decay': 0.0001, 'l1_lambda': 5e-05, 'huber_delta': 1.0, 'batch_size': 32, 'gradient_clip_norm': 1.0, 'epochs': 78}","{'validation_mae': 0.8074, 'generalization_gap': 0.2742, 'val_loss_variance': 0.404925, 'trainable_parameters': 3585, 'inference_latency_ms': 0.0896, 'training_time_seconds': 28.758, 'validation_rmse': 1.0481, 'validation_r2': -0.1072, 'validation_loss': 0.4702, 'training_loss': 0.7443, 'best_epoch': 66, 'status': 'success'}",0
gen0_ind001,0,0,inf,success,False,"[0.753, 0.374581690132618, 5.498000005534723, 769.0, 0.0192, 6.561]","{'hidden_dims': [32], 'dropout_rate': 0.2194, 'activation': 'tanh', 'learning_rate': 0.005214, 'weight_decay': 0.0006158, 'l1_lambda': 9.42e-05, 'huber_delta': 1.963, 'batch_size': 64, 'gradient_clip_norm': 2.0, 'epochs': 83}","{'validation_mae': 0.753, 'generalization_gap': 0.3746, 'val_loss_variance': 5.498, 'trainable_parameters': 769, 'inference_latency_ms': 0.0192, 'training_time_seconds': 6.561, 'validation_rmse': 1.0036, 'validation_r2': -0.015, 'validation_loss': 0.4751, 'training_loss': 0.8497, 'best_epoch': 17, 'status': 'success'}",0
gen0_ind002,0,0,0.9732018917267913,success,False,"[0.765, 0.3244020190454068, 3.1718172437129257, 11265.0, 0.2816, 77.628]","{'hidden_dims': [128, 64], 'dropout_rate': 0.0641, 'activation': 'tanh', 'learning_rate': 0.000552, 'weight_decay': 0.005094, 'l1_lambda': 0.0006439, 'huber_delta': 1.734, 'batch_size': 32, 'gradient_clip_norm': 1.0, 'epochs': 67}","{'validation_mae': 0.765, 'generalization_gap': 0.3244, 'val_loss_variance': 3.171817, 'trainable_parameters': 11265, 'inference_latency_ms': 0.2816, 'training_time_seconds': 77.628, 'validation_rmse': 1.0194, 'validation_r2': -0.0474, 'validation_loss': 0.5095, 'training_loss': 0.8339, 'best_epoch': 19, 'status': 'success'}",0
gen0_ind003,0,0,inf,success,False,"[4.606, 0.806033277511597, 2.013352125411126, 1281.0, 0.032, 5.795]","{'hidden_dims': [32, 16], 'dropout_rate': 0.2773, 'activation': 'relu', 'learning_rate': 0.000134, 'weight_decay': 0.0020442, 'l1_lambda': 0.0006317, 'huber_delta': 1.637, 'batch_size': 64, 'gradient_clip_norm': 1.0, 'epochs': 44}","{'validation_mae': 4.606, 'generalization_gap': 0.806, 'val_loss_variance': 2.013352, 'trainable_parameters': 1281, 'inference_latency_ms': 0.032, 'training_time_seconds': 5.795, 'validation_rmse': 4.8769, 'validation_r2': -22.9703, 'validation_loss': 6.1447, 'training_loss': 6.9508, 'best_epoch': 44, 'status': 'success'}",0
gen0_ind004,0,0,inf,success,False,"[0.7432, 0.4962326899170876, 2.2357902813115818, 13313.0, 0.3328, 110.912]","{'hidden_dims': [128, 64, 32], 'dropout_rate': 0.4466, 'activation': 'tanh', 'learning_rate': 0.000245, 'weight_decay': 7.36e-05, 'l1_lambda': 4.38e-05, 'huber_delta': 0.731, 'batch_size': 64, 'gradient_clip_norm': 2.0, 'epochs': 81}","{'validation_mae': 0.7432, 'generalization_gap': 0.4962, 'val_loss_variance': 2.23579, 'trainable_parameters': 13313, 'inference_latency_ms': 0.3328, 'training_time_seconds': 110.912, 'validation_rmse': 1.0029, 'validation_r2': -0.0137, 'validation_loss': 0.3733, 'training_loss': 0.8696, 'best_epoch': 22, 'status': 'success'}",0
gen0_ind005,0,0,inf,success,False,"[0.7452, 0.8337503517032566, 0.8980504176087581, 13313.0, 0.3328, 110.912]","{'hidden_dims': [128, 64, 32], 'dropout_rate': 0.4838, 'activation': 'tanh', 'learning_rate': 0.000448, 'weight_decay': 3.03e-05, 'l1_lambda': 0.0004696, 'huber_delta': 0.784, 'batch_size': 32, 'gradient_clip_norm': 0.5, 'epochs': 81}","{'validation_mae': 0.7452, 'generalization_gap': 0.8338, 'val_loss_variance': 0.89805, 'trainable_parameters': 13313, 'inference_latency_ms': 0.3328, 'training_time_seconds': 110.912, 'validation_rmse': 1.0081, 'validation_r2': -0.0243, 'validation_loss': 0.3575, 'training_loss': 1.1912, 'best_epoch': 40, 'status': 'success'}",0
gen0_ind006,0,1,inf,success,False,"[0.8446, 0.45484870821237566, 2.437781939929311, 1281.0, 0.032, 11.854]","{'hidden_dims': [32, 16], 'dropout_rate': 0.1135, 'activation': 'gelu', 'learning_rate': 0.000749, 'weight_decay': 0.0021415, 'l1_lambda': 0.0007003, 'huber_delta': 0.969, 'batch_size': 64, 'gradient_clip_norm': 2.0, 'epochs': 90}","{'validation_mae': 0.8446, 'generalization_gap': 0.4548, 'val_loss_variance': 2.437782, 'trainable_parameters': 1281, 'inference_latency_ms': 0.032, 'training_time_seconds': 11.854, 'validation_rmse': 1.0935, 'validation_r2': -0.2051, 'validation_loss': 0.4787, 'training_loss': 0.9335, 'best_epoch': 90, 'status': 'success'}",0
gen0_ind007,0,0,1.0214690875606487,success,False,"[0.7545, 0.2628941789269448, 3.1946721793001327, 1281.0, 0.032, 11.59]","{'hidden_dims': [32, 16], 'dropout_rate': 0.1937, 'activation': 'tanh', 'learning_rate': 0.000377, 'weight_decay': 0.000537, 'l1_lambda': 0.0001398, 'huber_delta': 0.8, 'batch_size': 64, 'gradient_clip_norm': 0.5, 'epochs': 88}","{'validation_mae': 0.7545, 'generalization_gap': 0.2629, 'val_loss_variance': 3.194672, 'trainable_parameters': 1281, 'inference_latency_ms': 0.032, 'training_time_seconds': 11.59, 'validation_rmse': 1.02, 'validation_r2': -0.0486, 'validation_loss': 0.3672, 'training_loss': 0.63, 'best_epoch': 84, 'status': 'success'}",0
gen0_ind008,0,0,0.5262289098629633,success,False,"[0.7831, 0.271577924489975, 0.11671060146545721, 11265.0, 0.2816, 53.297]","{'hidden_dims': [128, 64], 'dropout_rate': 0.3324, 'activation': 'gelu', 'learning_rate': 0.003643, 'weight_decay': 6.85e-05, 'l1_lambda': 0.0005687, 'huber_delta': 0.71, 'batch_size': 64, 'gradient_clip_norm': 0.5, 'epochs': 46}","{'validation_mae': 0.7831, 'generalization_gap': 0.2716, 'val_loss_variance': 0.116711, 'trainable_parameters': 11265, 'inference_latency_ms': 0.2816, 'training_time_seconds': 53.297, 'validation_rmse': 1.0405, 'validation_r2': -0.0911, 'validation_loss': 0.3656, 'training_loss': 0.6371, 'best_epoch': 39, 'status': 'success'}",0
gen0_ind009,0,0,0.7256158324535184,success,False,"[0.7589, 0.5242900115999616, 1.9029121574634034, 1281.0, 0.032, 11.59]","{'hidden_dims': [32, 16], 'dropout_rate': 0.2355, 'activation': 'tanh', 'learning_rate': 0.00135, 'weight_decay': 0.0011481, 'l1_lambda': 0.0006347, 'huber_delta': 1.33, 'batch_size': 16, 'gradient_clip_norm': 1.0, 'epochs': 88}","{'validation_mae': 0.7589, 'generalization_gap': 0.5243, 'val_loss_variance': 1.902912, 'trainable_parameters': 1281, 'inference_latency_ms': 0.032, 'training_time_seconds': 11.59, 'validation_rmse': 1.0079, 'validation_r2': -0.0239, 'validation_loss': 0.4593, 'training_loss': 0.9836, 'best_epoch': 8, 'status': 'success'}",0
gen0_ind010,0,1,inf,success,False,"[0.9136, 0.22747258584302166, 2.7756171855649754, 3073.0, 0.0768, 13.589]","{'hidden_dims': [128], 'dropout_rate': 0.0154, 'activation': 'gelu', 'learning_rate': 0.000269, 'weight_decay': 4.31e-05, 'l1_lambda': 0.0008534, 'huber_delta': 0.851, 'batch_size': 32, 'gradient_clip_norm': 2.0, 'epochs': 43}","{'validation_mae': 0.9136, 'generalization_gap': 0.2275, 'val_loss_variance': 2.775617, 'trainable_parameters': 3073, 'inference_latency_ms': 0.0768, 'training_time_seconds': 13.589, 'validation_rmse': 1.2166, 'validation_r2': -0.4917, 'validation_loss': 0.51, 'training_loss': 0.7374, 'best_epoch': 42, 'status': 'success'}",0
gen0_ind011,0,0,inf,success,False,"[0.7734, 0.22332059620018296, 0.06073198243309837, 11265.0, 0.2816, 75.311]","{'hidden_dims': [128, 64], 'dropout_rate': 0.1468, 'activation': 'relu', 'learning_rate': 0.002108, 'weight_decay': 0.0001691, 'l1_lambda': 0.0007839, 'huber_delta': 1.496, 'batch_size': 32, 'gradient_clip_norm': 1.0, 'epochs': 65}","{'validation_mae': 0.7734, 'generalization_gap': 0.2233, 'val_loss_variance': 0.060732, 'trainable_parameters': 11265, 'inference_latency_ms': 0.2816, 'training_time_seconds': 75.311, 'validation_rmse': 1.0462, 'validation_r2': -0.1031, 'validation_loss': 0.5233, 'training_loss': 0.7466, 'best_epoch': 51, 'status': 'success'}",0
gen0_ind012,0,1,3.5475388400391132,success,False,"[0.8238, 0.3531895544726839, 0.7712530850069916, 11265.0, 0.2816, 81.104]","{'hidden_dims': [128, 64], 'dropout_rate': 0.0835, 'activation': 'gelu', 'learning_rate': 0.000151, 'weight_decay': 0.0007752, 'l1_lambda': 0.0004619, 'huber_delta': 0.742, 'batch_size': 16, 'gradient_clip_norm': 2.0, 'epochs': 70}","{'validation_mae': 0.8238, 'generalization_gap': 0.3532, 'val_loss_variance': 0.771253, 'trainable_parameters': 11265, 'inference_latency_ms': 0.2816, 'training_time_seconds': 81.104, 'validation_rmse': 1.0935, 'validation_r2': -0.2052, 'validation_loss': 0.405, 'training_loss': 0.7582, 'best_epoch': 65, 'status': 'success'}",0
gen0_ind013,0,1,inf,success,False,"[0.7981, 0.7357244043421926, 0.31225870467725303, 13313.0, 0.3328, 134.19]","{'hidden_dims': [128, 64, 32], 'dropout_rate': 0.3482, 'activation': 'relu', 'learning_rate': 0.00078, 'weight_decay': 3.34e-05, 'l1_lambda': 0.0003015, 'huber_delta': 1.445, 'batch_size': 32, 'gradient_clip_norm': 1.0, 'epochs': 98}","{'validation_mae': 0.7981, 'generalization_gap': 0.7357, 'val_loss_variance': 0.312259, 'trainable_parameters': 13313, 'inference_latency_ms': 0.3328, 'training_time_seconds': 134.19, 'validation_rmse': 1.0496, 'validation_r2': -0.1103, 'validation_loss': 0.5715, 'training_loss': 1.3072, 'best_epoch': 64, 'status': 'success'}",0
gen0_ind014,0,0,inf,success,False,"[0.7955, 0.048439978063106515, 1.9960236939018141, 769.0, 0.0192, 6.877]","{'hidden_dims': [32], 'dropout_rate': 0.059, 'activation': 'gelu', 'learning_rate': 0.006564, 'weight_decay': 0.0006293, 'l1_lambda': 0.0002659, 'huber_delta': 1.954, 'batch_size': 64, 'gradient_clip_norm': 0.5, 'epochs': 87}","{'validation_mae': 0.7955, 'generalization_gap': 0.0484, 'val_loss_variance': 1.996024, 'trainable_parameters': 769, 'inference_latency_ms': 0.0192, 'training_time_seconds': 6.877, 'validation_rmse': 1.0527, 'validation_r2': -0.1168, 'validation_loss': 0.5771, 'training_loss': 0.6255, 'best_epoch': 43, 'status': 'success'}",0
gen0_ind015,0,1,inf,success,False,"[0.7713, 0.34764049798250196, 6.91564570199963, 1537.0, 0.0384, 13.275]","{'hidden_dims': [64], 'dropout_rate': 0.2247, 'activation': 'tanh', 'learning_rate': 0.00035, 'weight_decay': 2.4e-06, 'l1_lambda': 0.0009026, 'huber_delta': 1.184, 'batch_size': 64, 'gradient_clip_norm': 0.5, 'epochs': 84}","{'validation_mae': 0.7713, 'generalization_gap': 0.3476, 'val_loss_variance': 6.915646, 'trainable_parameters': 1537, 'inference_latency_ms': 0.0384, 'training_time_seconds': 13.275, 'validation_rmse': 1.019, 'validation_r2': -0.0465, 'validation_loss': 0.4476, 'training_loss': 0.7953, 'best_epoch': 70, 'status': 'success'}",0
gen0_ind003,0,0,inf,success,False,"[4.606, 0.806033277511597, 2.013352125411126, 1281.0, 0.032, 5.795]","{'hidden_dims': [32, 16], 'dropout_rate': 0.2773, 'activation': 'relu', 'learning_rate': 0.000134, 'weight_decay': 0.0020442, 'l1_lambda': 0.0006317, 'huber_delta': 1.637, 'batch_size': 64, 'gradient_clip_norm': 1.0, 'epochs': 44}","{'validation_mae': 4.606, 'generalization_gap': 0.806, 'val_loss_variance': 2.013352, 'trainable_parameters': 1281, 'inference_latency_ms': 0.032, 'training_time_seconds': 5.795, 'validation_rmse': 4.8769, 'validation_r2': -22.9703, 'validation_loss': 6.1447, 'training_loss': 6.9508, 'best_epoch': 44, 'status': 'success'}",1
gen1_ind014,1,0,inf,success,False,"[0.7655, 0.1995660534926823, 1.1563368141500023, 769.0, 0.0192, 5.928]","{'hidden_dims': [32], 'dropout_rate': 0.231, 'activation': 'tanh', 'learning_rate': 0.009027, 'weight_decay': 0.0002937, 'l1_lambda': 1.68e-05, 'huber_delta': 1.942, 'batch_size': 32, 'gradient_clip_norm': 2.0, 'epochs': 75}","{'validation_mae': 0.7655, 'generalization_gap': 0.1996, 'val_loss_variance': 1.156337, 'trainable_parameters': 769, 'inference_latency_ms': 0.0192, 'training_time_seconds': 5.928, 'validation_rmse': 1.0027, 'validation_r2': -0.0133, 'validation_loss': 0.528, 'training_loss': 0.7276, 'best_epoch': 11, 'status': 'success'}",1
gen0_ind001,0,0,0.835941008576671,success,False,"[0.753, 0.374581690132618, 5.498000005534723, 769.0, 0.0192, 6.561]","{'hidden_dims': [32], 'dropout_rate': 0.2194, 'activation': 'tanh', 'learning_rate': 0.005214, 'weight_decay': 0.0006158, 'l1_lambda': 9.42e-05, 'huber_delta': 1.963, 'batch_size': 64, 'gradient_clip_norm': 2.0, 'epochs': 83}","{'validation_mae': 0.753, 'generalization_gap': 0.3746, 'val_loss_variance': 5.498, 'trainable_parameters': 769, 'inference_latency_ms': 0.0192, 'training_time_seconds': 6.561, 'validation_rmse': 1.0036, 'validation_r2': -0.015, 'validation_loss': 0.4751, 'training_loss': 0.8497, 'best_epoch': 17, 'status': 'success'}",1
gen0_ind014,0,0,inf,success,False,"[0.7955, 0.048439978063106515, 1.9960236939018141, 769.0, 0.0192, 6.877]","{'hidden_dims': [32], 'dropout_rate': 0.059, 'activation': 'gelu', 'learning_rate': 0.006564, 'weight_decay': 0.0006293, 'l1_lambda': 0.0002659, 'huber_delta': 1.954, 'batch_size': 64, 'gradient_clip_norm': 0.5, 'epochs': 87}","{'validation_mae': 0.7955, 'generalization_gap': 0.0484, 'val_loss_variance': 1.996024, 'trainable_parameters': 769, 'inference_latency_ms': 0.0192, 'training_time_seconds': 6.877, 'validation_rmse': 1.0527, 'validation_r2': -0.1168, 'validation_loss': 0.5771, 'training_loss': 0.6255, 'best_epoch': 43, 'status': 'success'}",1
gen1_ind003,1,0,inf,success,False,"[0.7612, 0.3512755766510963, 9.884781433116503, 1281.0, 0.032, 10.273]","{'hidden_dims': [32, 16], 'dropout_rate': 0.2038, 'activation': 'tanh', 'learning_rate': 0.000923, 'weight_decay': 9.91e-05, 'l1_lambda': 5.9e-05, 'huber_delta': 1.443, 'batch_size': 64, 'gradient_clip_norm': 0.5, 'epochs': 78}","{'validation_mae': 0.7612, 'generalization_gap': 0.3513, 'val_loss_variance': 9.884781, 'trainable_parameters': 1281, 'inference_latency_ms': 0.032, 'training_time_seconds': 10.273, 'validation_rmse': 0.9972, 'validation_r2': -0.0023, 'validation_loss': 0.4603, 'training_loss': 0.8116, 'best_epoch': 25, 'status': 'success'}",1
gen1_ind008,1,0,0.1895024325565122,success,False,"[0.7557, 0.4219350624353365, 1.0055094338821966, 1281.0, 0.032, 10.932]","{'hidden_dims': [32, 16], 'dropout_rate': 0.2194, 'activation': 'tanh', 'learning_rate': 0.005214, 'weight_decay': 0.0006158, 'l1_lambda': 9.42e-05, 'huber_delta': 1.963, 'batch_size': 32, 'gradient_clip_norm': 2.0, 'epochs': 83}","{'validation_mae': 0.7557, 'generalization_gap': 0.4219, 'val_loss_variance': 1.005509, 'trainable_parameters': 1281, 'inference_latency_ms': 0.032, 'training_time_seconds': 10.932, 'validation_rmse': 0.9987, 'validation_r2': -0.0053, 'validation_loss': 0.4864, 'training_loss': 0.9084, 'best_epoch': 11, 'status': 'success'}",1
gen1_ind011,1,0,0.15997749549735008,success,False,"[0.8067, 0.3704885130089925, 0.892199815478562, 1281.0, 0.032, 11.064]","{'hidden_dims': [32, 16], 'dropout_rate': 0.2225, 'activation': 'gelu', 'learning_rate': 0.000996, 'weight_decay': 0.0001136, 'l1_lambda': 1.25e-05, 'huber_delta': 0.997, 'batch_size': 32, 'gradient_clip_norm': 2.0, 'epochs': 84}","{'validation_mae': 0.8067, 'generalization_gap': 0.3705, 'val_loss_variance': 0.8922, 'trainable_parameters': 1281, 'inference_latency_ms': 0.032, 'training_time_seconds': 11.064, 'validation_rmse': 1.0537, 'validation_r2': -0.1189, 'validation_loss': 0.4471, 'training_loss': 0.8176, 'best_epoch': 81, 'status': 'success'}",1
gen0_ind007,0,0,0.561576521114678,success,False,"[0.7545, 0.2628941789269448, 3.1946721793001327, 1281.0, 0.032, 11.59]","{'hidden_dims': [32, 16], 'dropout_rate': 0.1937, 'activation': 'tanh', 'learning_rate': 0.000377, 'weight_decay': 0.000537, 'l1_lambda': 0.0001398, 'huber_delta': 0.8, 'batch_size': 64, 'gradient_clip_norm': 0.5, 'epochs': 88}","{'validation_mae': 0.7545, 'generalization_gap': 0.2629, 'val_loss_variance': 3.194672, 'trainable_parameters': 1281, 'inference_latency_ms': 0.032, 'training_time_seconds': 11.59, 'validation_rmse': 1.02, 'validation_r2': -0.0486, 'validation_loss': 0.3672, 'training_loss': 0.63, 'best_epoch': 84, 'status': 'success'}",1
gen0_phase1_baseline,0,0,1.6086778815905125,success,False,"[0.8074, 0.2741529412735673, 0.40492488404477084, 3585.0, 0.0896, 28.758]","{'hidden_dims': [64, 32], 'dropout_rate': 0.2, 'activation': 'relu', 'learning_rate': 0.001, 'weight_decay': 0.0001, 'l1_lambda': 5e-05, 'huber_delta': 1.0, 'batch_size': 32, 'gradient_clip_norm': 1.0, 'epochs': 78}","{'validation_mae': 0.8074, 'generalization_gap': 0.2742, 'val_loss_variance': 0.404925, 'trainable_parameters': 3585, 'inference_latency_ms': 0.0896, 'training_time_seconds': 28.758, 'validation_rmse': 1.0481, 'validation_r2': -0.1072, 'validation_loss': 0.4702, 'training_loss': 0.7443, 'best_epoch': 66, 'status': 'success'}",1
gen1_ind002,1,0,1.7370242286730309,success,False,"[0.7578, 0.16768213837666618, 1.4032878284951116, 3585.0, 0.0896, 32.445]","{'hidden_dims': [64, 32], 'dropout_rate': 0.1286, 'activation': 'tanh', 'learning_rate': 0.000409, 'weight_decay': 0.0005416, 'l1_lambda': 0.0001308, 'huber_delta': 0.702, 'batch_size': 32, 'gradient_clip_norm': 1.0, 'epochs': 88}","{'validation_mae': 0.7578, 'generalization_gap': 0.1677, 'val_loss_variance': 1.403288, 'trainable_parameters': 3585, 'inference_latency_ms': 0.0896, 'training_time_seconds': 32.445, 'validation_rmse': 1.0415, 'validation_r2': -0.0932, 'validation_loss': 0.3457, 'training_loss': 0.5134, 'best_epoch': 22, 'status': 'success'}",1
gen0_ind008,0,0,0.4622675625184459,success,False,"[0.7831, 0.271577924489975, 0.11671060146545721, 11265.0, 0.2816, 53.297]","{'hidden_dims': [128, 64], 'dropout_rate': 0.3324, 'activation': 'gelu', 'learning_rate': 0.003643, 'weight_decay': 6.85e-05, 'l1_lambda': 0.0005687, 'huber_delta': 0.71, 'batch_size': 64, 'gradient_clip_norm': 0.5, 'epochs': 46}","{'validation_mae': 0.7831, 'generalization_gap': 0.2716, 'val_loss_variance': 0.116711, 'trainable_parameters': 11265, 'inference_latency_ms': 0.2816, 'training_time_seconds': 53.297, 'validation_rmse': 1.0405, 'validation_r2': -0.0911, 'validation_loss': 0.3656, 'training_loss': 0.6371, 'best_epoch': 39, 'status': 'success'}",1
gen0_ind011,0,0,0.4244479460119061,success,False,"[0.7734, 0.22332059620018296, 0.06073198243309837, 11265.0, 0.2816, 75.311]","{'hidden_dims': [128, 64], 'dropout_rate': 0.1468, 'activation': 'relu', 'learning_rate': 0.002108, 'weight_decay': 0.0001691, 'l1_lambda': 0.0007839, 'huber_delta': 1.496, 'batch_size': 32, 'gradient_clip_norm': 1.0, 'epochs': 65}","{'validation_mae': 0.7734, 'generalization_gap': 0.2233, 'val_loss_variance': 0.060732, 'trainable_parameters': 11265, 'inference_latency_ms': 0.2816, 'training_time_seconds': 75.311, 'validation_rmse': 1.0462, 'validation_r2': -0.1031, 'validation_loss': 0.5233, 'training_loss': 0.7466, 'best_epoch': 51, 'status': 'success'}",1
gen1_ind005,1,0,inf,success,False,"[0.7935, 0.2868097700208788, 0.03216387754462344, 11265.0, 0.2816, 88.056]","{'hidden_dims': [128, 64], 'dropout_rate': 0.1548, 'activation': 'relu', 'learning_rate': 0.001157, 'weight_decay': 0.000193, 'l1_lambda': 0.0006684, 'huber_delta': 1.551, 'batch_size': 16, 'gradient_clip_norm': 0.5, 'epochs': 76}","{'validation_mae': 0.7935, 'generalization_gap': 0.2868, 'val_loss_variance': 0.032164, 'trainable_parameters': 11265, 'inference_latency_ms': 0.2816, 'training_time_seconds': 88.056, 'validation_rmse': 1.0511, 'validation_r2': -0.1134, 'validation_loss': 0.5509, 'training_loss': 0.8377, 'best_epoch': 37, 'status': 'success'}",1
gen1_ind004,1,0,0.677529763470645,success,False,"[0.7516, 0.2918203710613394, 0.5105774986748689, 11265.0, 0.2816, 88.056]","{'hidden_dims': [128, 64], 'dropout_rate': 0.1857, 'activation': 'tanh', 'learning_rate': 0.000687, 'weight_decay': 0.0004706, 'l1_lambda': 0.0002553, 'huber_delta': 0.745, 'batch_size': 32, 'gradient_clip_norm': 1.0, 'epochs': 76}","{'validation_mae': 0.7516, 'generalization_gap': 0.2918, 'val_loss_variance': 0.510577, 'trainable_parameters': 11265, 'inference_latency_ms': 0.2816, 'training_time_seconds': 88.056, 'validation_rmse': 1.0322, 'validation_r2': -0.0738, 'validation_loss': 0.372, 'training_loss': 0.6638, 'best_epoch': 15, 'status': 'success'}",1
gen0_ind005,0,0,inf,success,False,"[0.7452, 0.8337503517032566, 0.8980504176087581, 13313.0, 0.3328, 110.912]","{'hidden_dims': [128, 64, 32], 'dropout_rate': 0.4838, 'activation': 'tanh', 'learning_rate': 0.000448, 'weight_decay': 3.03e-05, 'l1_lambda': 0.0004696, 'huber_delta': 0.784, 'batch_size': 32, 'gradient_clip_norm': 0.5, 'epochs': 81}","{'validation_mae': 0.7452, 'generalization_gap': 0.8338, 'val_loss_variance': 0.89805, 'trainable_parameters': 13313, 'inference_latency_ms': 0.3328, 'training_time_seconds': 110.912, 'validation_rmse': 1.0081, 'validation_r2': -0.0243, 'validation_loss': 0.3575, 'training_loss': 1.1912, 'best_epoch': 40, 'status': 'success'}",1
gen0_ind004,0,0,inf,success,False,"[0.7432, 0.4962326899170876, 2.2357902813115818, 13313.0, 0.3328, 110.912]","{'hidden_dims': [128, 64, 32], 'dropout_rate': 0.4466, 'activation': 'tanh', 'learning_rate': 0.000245, 'weight_decay': 7.36e-05, 'l1_lambda': 4.38e-05, 'huber_delta': 0.731, 'batch_size': 64, 'gradient_clip_norm': 2.0, 'epochs': 81}","{'validation_mae': 0.7432, 'generalization_gap': 0.4962, 'val_loss_variance': 2.23579, 'trainable_parameters': 13313, 'inference_latency_ms': 0.3328, 'training_time_seconds': 110.912, 'validation_rmse': 1.0029, 'validation_r2': -0.0137, 'validation_loss': 0.3733, 'training_loss': 0.8696, 'best_epoch': 22, 'status': 'success'}",1
gen2_ind000,2,0,inf,success,False,"[0.8001, 0.28717312620098423, 2.741528910309333, 769.0, 0.0192, 5.296]","{'hidden_dims': [32], 'dropout_rate': 0.234, 'activation': 'tanh', 'learning_rate': 0.007147, 'weight_decay': 0.0003529, 'l1_lambda': 8.01e-05, 'huber_delta': 1.991, 'batch_size': 32, 'gradient_clip_norm': 1.0, 'epochs': 67}","{'validation_mae': 0.8001, 'generalization_gap': 0.2872, 'val_loss_variance': 2.741529, 'trainable_parameters': 769, 'inference_latency_ms': 0.0192, 'training_time_seconds': 5.296, 'validation_rmse': 1.0406, 'validation_r2': -0.0914, 'validation_loss': 0.5301, 'training_loss': 0.8173, 'best_epoch': 4, 'status': 'success'}",2
gen2_ind009,2,0,inf,success,False,"[5.8857, 0.6598392248153679, 0.564017471121134, 1281.0, 0.032, 5.795]","{'hidden_dims': [32, 16], 'dropout_rate': 0.3016, 'activation': 'tanh', 'learning_rate': 0.000107, 'weight_decay': 0.0008153, 'l1_lambda': 0.0005656, 'huber_delta': 1.563, 'batch_size': 64, 'gradient_clip_norm': 1.0, 'epochs': 44}","{'validation_mae': 5.8857, 'generalization_gap': 0.6598, 'val_loss_variance': 0.564017, 'trainable_parameters': 1281, 'inference_latency_ms': 0.032, 'training_time_seconds': 5.795, 'validation_rmse': 6.0547, 'validation_r2': -35.947, 'validation_loss': 7.9169, 'training_loss': 8.5767, 'best_epoch': 44, 'status': 'success'}",2
gen2_ind011,2,0,inf,success,False,"[0.7727, 0.13534087503728598, 0.01627453524990596, 769.0, 0.0192, 5.928]","{'hidden_dims': [32], 'dropout_rate': 0.2623, 'activation': 'tanh', 'learning_rate': 0.01, 'weight_decay': 0.0002762, 'l1_lambda': 5.64e-05, 'huber_delta': 2.0, 'batch_size': 16, 'gradient_clip_norm': 2.0, 'epochs': 75}","{'validation_mae': 0.7727, 'generalization_gap': 0.1353, 'val_loss_variance': 0.016275, 'trainable_parameters': 769, 'inference_latency_ms': 0.0192, 'training_time_seconds': 5.928, 'validation_rmse': 1.0161, 'validation_r2': -0.0405, 'validation_loss': 0.5104, 'training_loss': 0.6458, 'best_epoch': 14, 'status': 'success'}",2
gen0_ind014,0,0,inf,success,False,"[0.7955, 0.048439978063106515, 1.9960236939018141, 769.0, 0.0192, 6.877]","{'hidden_dims': [32], 'dropout_rate': 0.059, 'activation': 'gelu', 'learning_rate': 0.006564, 'weight_decay': 0.0006293, 'l1_lambda': 0.0002659, 'huber_delta': 1.954, 'batch_size': 64, 'gradient_clip_norm': 0.5, 'epochs': 87}","{'validation_mae': 0.7955, 'generalization_gap': 0.0484, 'val_loss_variance': 1.996024, 'trainable_parameters': 769, 'inference_latency_ms': 0.0192, 'training_time_seconds': 6.877, 'validation_rmse': 1.0527, 'validation_r2': -0.1168, 'validation_loss': 0.5771, 'training_loss': 0.6255, 'best_epoch': 43, 'status': 'success'}",2
gen1_ind003,1,0,inf,success,False,"[0.7612, 0.3512755766510963, 9.884781433116503, 1281.0, 0.032, 10.273]","{'hidden_dims': [32, 16], 'dropout_rate': 0.2038, 'activation': 'tanh', 'learning_rate': 0.000923, 'weight_decay': 9.91e-05, 'l1_lambda': 5.9e-05, 'huber_delta': 1.443, 'batch_size': 64, 'gradient_clip_norm': 0.5, 'epochs': 78}","{'validation_mae': 0.7612, 'generalization_gap': 0.3513, 'val_loss_variance': 9.884781, 'trainable_parameters': 1281, 'inference_latency_ms': 0.032, 'training_time_seconds': 10.273, 'validation_rmse': 0.9972, 'validation_r2': -0.0023, 'validation_loss': 0.4603, 'training_loss': 0.8116, 'best_epoch': 25, 'status': 'success'}",2
gen0_ind005,0,0,inf,success,False,"[0.7452, 0.8337503517032566, 0.8980504176087581, 13313.0, 0.3328, 110.912]","{'hidden_dims': [128, 64, 32], 'dropout_rate': 0.4838, 'activation': 'tanh', 'learning_rate': 0.000448, 'weight_decay': 3.03e-05, 'l1_lambda': 0.0004696, 'huber_delta': 0.784, 'batch_size': 32, 'gradient_clip_norm': 0.5, 'epochs': 81}","{'validation_mae': 0.7452, 'generalization_gap': 0.8338, 'val_loss_variance': 0.89805, 'trainable_parameters': 13313, 'inference_latency_ms': 0.3328, 'training_time_seconds': 110.912, 'validation_rmse': 1.0081, 'validation_r2': -0.0243, 'validation_loss': 0.3575, 'training_loss': 1.1912, 'best_epoch': 40, 'status': 'success'}",2
gen0_ind004,0,0,inf,success,False,"[0.7432, 0.4962326899170876, 2.2357902813115818, 13313.0, 0.3328, 110.912]","{'hidden_dims': [128, 64, 32], 'dropout_rate': 0.4466, 'activation': 'tanh', 'learning_rate': 0.000245, 'weight_decay': 7.36e-05, 'l1_lambda': 4.38e-05, 'huber_delta': 0.731, 'batch_size': 64, 'gradient_clip_norm': 2.0, 'epochs': 81}","{'validation_mae': 0.7432, 'generalization_gap': 0.4962, 'val_loss_variance': 2.23579, 'trainable_parameters': 13313, 'inference_latency_ms': 0.3328, 'training_time_seconds': 110.912, 'validation_rmse': 1.0029, 'validation_r2': -0.0137, 'validation_loss': 0.3733, 'training_loss': 0.8696, 'best_epoch': 22, 'status': 'success'}",2
gen1_ind002,1,0,2.4875227356218867,success,False,"[0.7578, 0.16768213837666618, 1.4032878284951116, 3585.0, 0.0896, 32.445]","{'hidden_dims': [64, 32], 'dropout_rate': 0.1286, 'activation': 'tanh', 'learning_rate': 0.000409, 'weight_decay': 0.0005416, 'l1_lambda': 0.0001308, 'huber_delta': 0.702, 'batch_size': 32, 'gradient_clip_norm': 1.0, 'epochs': 88}","{'validation_mae': 0.7578, 'generalization_gap': 0.1677, 'val_loss_variance': 1.403288, 'trainable_parameters': 3585, 'inference_latency_ms': 0.0896, 'training_time_seconds': 32.445, 'validation_rmse': 1.0415, 'validation_r2': -0.0932, 'validation_loss': 0.3457, 'training_loss': 0.5134, 'best_epoch': 22, 'status': 'success'}",2
gen2_ind001,2,0,1.8383815610308396,success,False,"[0.7614, 0.16353839299732575, 0.13474512156776292, 11265.0, 0.2816, 88.056]","{'hidden_dims': [128, 64], 'dropout_rate': 0.1827, 'activation': 'tanh', 'learning_rate': 0.001456, 'weight_decay': 0.0003917, 'l1_lambda': 0.000192, 'huber_delta': 0.696, 'batch_size': 32, 'gradient_clip_norm': 1.0, 'epochs': 76}","{'validation_mae': 0.7614, 'generalization_gap': 0.1635, 'val_loss_variance': 0.134745, 'trainable_parameters': 11265, 'inference_latency_ms': 0.2816, 'training_time_seconds': 88.056, 'validation_rmse': 1.0424, 'validation_r2': -0.0952, 'validation_loss': 0.3567, 'training_loss': 0.5203, 'best_epoch': 14, 'status': 'success'}",2
gen2_ind012,2,0,1.0009281172379336,success,False,"[4.5819, 0.6590372323989868, 2.593486973396317, 1281.0, 0.032, 5.795]","{'hidden_dims': [32, 16], 'dropout_rate': 0.2773, 'activation': 'relu', 'learning_rate': 0.000134, 'weight_decay': 0.0020442, 'l1_lambda': 0.0005036, 'huber_delta': 1.637, 'batch_size': 64, 'gradient_clip_norm': 1.0, 'epochs': 44}","{'validation_mae': 4.5819, 'generalization_gap': 0.659, 'val_loss_variance': 2.593487, 'trainable_parameters': 1281, 'inference_latency_ms': 0.032, 'training_time_seconds': 5.795, 'validation_rmse': 4.7633, 'validation_r2': -21.867, 'validation_loss': 6.0658, 'training_loss': 6.7248, 'best_epoch': 44, 'status': 'success'}",2
gen0_ind001,0,0,0.8114907594864169,success,False,"[0.753, 0.374581690132618, 5.498000005534723, 769.0, 0.0192, 6.561]","{'hidden_dims': [32], 'dropout_rate': 0.2194, 'activation': 'tanh', 'learning_rate': 0.005214, 'weight_decay': 0.0006158, 'l1_lambda': 9.42e-05, 'huber_delta': 1.963, 'batch_size': 64, 'gradient_clip_norm': 2.0, 'epochs': 83}","{'validation_mae': 0.753, 'generalization_gap': 0.3746, 'val_loss_variance': 5.498, 'trainable_parameters': 769, 'inference_latency_ms': 0.0192, 'training_time_seconds': 6.561, 'validation_rmse': 1.0036, 'validation_r2': -0.015, 'validation_loss': 0.4751, 'training_loss': 0.8497, 'best_epoch': 17, 'status': 'success'}",2
gen2_ind014,2,0,0.678380794303675,success,False,"[0.7658, 0.20996802888418498, 0.06378143731463433, 13313.0, 0.3328, 106.804]","{'hidden_dims': [128, 64, 32], 'dropout_rate': 0.2991, 'activation': 'relu', 'learning_rate': 0.006458, 'weight_decay': 0.0003281, 'l1_lambda': 0.0, 'huber_delta': 1.483, 'batch_size': 32, 'gradient_clip_norm': 0.5, 'epochs': 78}","{'validation_mae': 0.7658, 'generalization_gap': 0.21, 'val_loss_variance': 0.063781, 'trainable_parameters': 13313, 'inference_latency_ms': 0.3328, 'training_time_seconds': 106.804, 'validation_rmse': 1.0019, 'validation_r2': -0.0117, 'validation_loss': 0.4715, 'training_loss': 0.6814, 'best_epoch': 28, 'status': 'success'}",2
gen1_ind004,1,0,0.6303344616784112,success,False,"[0.7516, 0.2918203710613394, 0.5105774986748689, 11265.0, 0.2816, 88.056]","{'hidden_dims': [128, 64], 'dropout_rate': 0.1857, 'activation': 'tanh', 'learning_rate': 0.000687, 'weight_decay': 0.0004706, 'l1_lambda': 0.0002553, 'huber_delta': 0.745, 'batch_size': 32, 'gradient_clip_norm': 1.0, 'epochs': 76}","{'validation_mae': 0.7516, 'generalization_gap': 0.2918, 'val_loss_variance': 0.510577, 'trainable_parameters': 11265, 'inference_latency_ms': 0.2816, 'training_time_seconds': 88.056, 'validation_rmse': 1.0322, 'validation_r2': -0.0738, 'validation_loss': 0.372, 'training_loss': 0.6638, 'best_epoch': 15, 'status': 'success'}",2
gen0_ind003,0,0,0.49928568710210747,success,False,"[4.606, 0.806033277511597, 2.013352125411126, 1281.0, 0.032, 5.795]","{'hidden_dims': [32, 16], 'dropout_rate': 0.2773, 'activation': 'relu', 'learning_rate': 0.000134, 'weight_decay': 0.0020442, 'l1_lambda': 0.0006317, 'huber_delta': 1.637, 'batch_size': 64, 'gradient_clip_norm': 1.0, 'epochs': 44}","{'validation_mae': 4.606, 'generalization_gap': 0.806, 'val_loss_variance': 2.013352, 'trainable_parameters': 1281, 'inference_latency_ms': 0.032, 'training_time_seconds': 5.795, 'validation_rmse': 4.8769, 'validation_r2': -22.9703, 'validation_loss': 6.1447, 'training_loss': 6.9508, 'best_epoch': 44, 'status': 'success'}",2
gen0_ind007,0,0,0.3942479455651849,success,False,"[0.7545, 0.2628941789269448, 3.1946721793001327, 1281.0, 0.032, 11.59]","{'hidden_dims': [32, 16], 'dropout_rate': 0.1937, 'activation': 'tanh', 'learning_rate': 0.000377, 'weight_decay': 0.000537, 'l1_lambda': 0.0001398, 'huber_delta': 0.8, 'batch_size': 64, 'gradient_clip_norm': 0.5, 'epochs': 88}","{'validation_mae': 0.7545, 'generalization_gap': 0.2629, 'val_loss_variance': 3.194672, 'trainable_parameters': 1281, 'inference_latency_ms': 0.032, 'training_time_seconds': 11.59, 'validation_rmse': 1.02, 'validation_r2': -0.0486, 'validation_loss': 0.3672, 'training_loss': 0.63, 'best_epoch': 84, 'status': 'success'}",2
gen2_ind005,2,0,0.4217087847748898,success,False,"[0.747, 0.4153083450036493, 3.581069060633705, 1281.0, 0.032, 8.561]","{'hidden_dims': [32, 16], 'dropout_rate': 0.2026, 'activation': 'tanh', 'learning_rate': 0.000945, 'weight_decay': 9.52e-05, 'l1_lambda': 5.14e-05, 'huber_delta': 1.483, 'batch_size': 16, 'gradient_clip_norm': 0.5, 'epochs': 65}","{'validation_mae': 0.747, 'generalization_gap': 0.4153, 'val_loss_variance': 3.581069, 'trainable_parameters': 1281, 'inference_latency_ms': 0.032, 'training_time_seconds': 8.561, 'validation_rmse': 1.0074, 'validation_r2': -0.0229, 'validation_loss': 0.4551, 'training_loss': 0.8704, 'best_epoch': 13, 'status': 'success'}",2
gen2_ind000,2,0,inf,success,False,"[0.8001, 0.28717312620098423, 2.741528910309333, 769.0, 0.0192, 5.296]","{'hidden_dims': [32], 'dropout_rate': 0.234, 'activation': 'tanh', 'learning_rate': 0.007147, 'weight_decay': 0.0003529, 'l1_lambda': 8.01e-05, 'huber_delta': 1.991, 'batch_size': 32, 'gradient_clip_norm': 1.0, 'epochs': 67}","{'validation_mae': 0.8001, 'generalization_gap': 0.2872, 'val_loss_variance': 2.741529, 'trainable_parameters': 769, 'inference_latency_ms': 0.0192, 'training_time_seconds': 5.296, 'validation_rmse': 1.0406, 'validation_r2': -0.0914, 'validation_loss': 0.5301, 'training_loss': 0.8173, 'best_epoch': 4, 'status': 'success'}",3
gen2_ind009,2,0,inf,success,False,"[5.8857, 0.6598392248153679, 0.564017471121134, 1281.0, 0.032, 5.795]","{'hidden_dims': [32, 16], 'dropout_rate': 0.3016, 'activation': 'tanh', 'learning_rate': 0.000107, 'weight_decay': 0.0008153, 'l1_lambda': 0.0005656, 'huber_delta': 1.563, 'batch_size': 64, 'gradient_clip_norm': 1.0, 'epochs': 44}","{'validation_mae': 5.8857, 'generalization_gap': 0.6598, 'val_loss_variance': 0.564017, 'trainable_parameters': 1281, 'inference_latency_ms': 0.032, 'training_time_seconds': 5.795, 'validation_rmse': 6.0547, 'validation_r2': -35.947, 'validation_loss': 7.9169, 'training_loss': 8.5767, 'best_epoch': 44, 'status': 'success'}",3
gen0_ind003,0,0,inf,success,False,"[4.606, 0.806033277511597, 2.013352125411126, 1281.0, 0.032, 5.795]","{'hidden_dims': [32, 16], 'dropout_rate': 0.2773, 'activation': 'relu', 'learning_rate': 0.000134, 'weight_decay': 0.0020442, 'l1_lambda': 0.0006317, 'huber_delta': 1.637, 'batch_size': 64, 'gradient_clip_norm': 1.0, 'epochs': 44}","{'validation_mae': 4.606, 'generalization_gap': 0.806, 'val_loss_variance': 2.013352, 'trainable_parameters': 1281, 'inference_latency_ms': 0.032, 'training_time_seconds': 5.795, 'validation_rmse': 4.8769, 'validation_r2': -22.9703, 'validation_loss': 6.1447, 'training_loss': 6.9508, 'best_epoch': 44, 'status': 'success'}",3
gen2_ind011,2,0,inf,success,False,"[0.7727, 0.13534087503728598, 0.01627453524990596, 769.0, 0.0192, 5.928]","{'hidden_dims': [32], 'dropout_rate': 0.2623, 'activation': 'tanh', 'learning_rate': 0.01, 'weight_decay': 0.0002762, 'l1_lambda': 5.64e-05, 'huber_delta': 2.0, 'batch_size': 16, 'gradient_clip_norm': 2.0, 'epochs': 75}","{'validation_mae': 0.7727, 'generalization_gap': 0.1353, 'val_loss_variance': 0.016275, 'trainable_parameters': 769, 'inference_latency_ms': 0.0192, 'training_time_seconds': 5.928, 'validation_rmse': 1.0161, 'validation_r2': -0.0405, 'validation_loss': 0.5104, 'training_loss': 0.6458, 'best_epoch': 14, 'status': 'success'}",3
gen0_ind001,0,0,inf,success,False,"[0.753, 0.374581690132618, 5.498000005534723, 769.0, 0.0192, 6.561]","{'hidden_dims': [32], 'dropout_rate': 0.2194, 'activation': 'tanh', 'learning_rate': 0.005214, 'weight_decay': 0.0006158, 'l1_lambda': 9.42e-05, 'huber_delta': 1.963, 'batch_size': 64, 'gradient_clip_norm': 2.0, 'epochs': 83}","{'validation_mae': 0.753, 'generalization_gap': 0.3746, 'val_loss_variance': 5.498, 'trainable_parameters': 769, 'inference_latency_ms': 0.0192, 'training_time_seconds': 6.561, 'validation_rmse': 1.0036, 'validation_r2': -0.015, 'validation_loss': 0.4751, 'training_loss': 0.8497, 'best_epoch': 17, 'status': 'success'}",3
gen3_ind005,3,0,inf,success,False,"[0.743, 0.16295941023208838, 0.028559513648284598, 13313.0, 0.3328, 106.804]","{'hidden_dims': [128, 64, 32], 'dropout_rate': 0.3028, 'activation': 'relu', 'learning_rate': 0.006941, 'weight_decay': 0.0003131, 'l1_lambda': 9.8e-06, 'huber_delta': 1.268, 'batch_size': 16, 'gradient_clip_norm': 0.5, 'epochs': 78}","{'validation_mae': 0.743, 'generalization_gap': 0.163, 'val_loss_variance': 0.02856, 'trainable_parameters': 13313, 'inference_latency_ms': 0.3328, 'training_time_seconds': 106.804, 'validation_rmse': 1.0074, 'validation_r2': -0.0229, 'validation_loss': 0.4477, 'training_loss': 0.6106, 'best_epoch': 16, 'status': 'success'}",3
gen3_ind008,3,0,inf,success,False,"[0.7665, 0.020712154476266176, 0.0011638433579662301, 13313.0, 0.3328, 119.128]","{'hidden_dims': [128, 64, 32], 'dropout_rate': 0.0, 'activation': 'tanh', 'learning_rate': 0.005002, 'weight_decay': 0.0007181, 'l1_lambda': 0.000262, 'huber_delta': 1.91, 'batch_size': 32, 'gradient_clip_norm': 0.5, 'epochs': 87}","{'validation_mae': 0.7665, 'generalization_gap': 0.0207, 'val_loss_variance': 0.001164, 'trainable_parameters': 13313, 'inference_latency_ms': 0.3328, 'training_time_seconds': 119.128, 'validation_rmse': 1.0034, 'validation_r2': -0.0146, 'validation_loss': 0.526, 'training_loss': 0.5467, 'best_epoch': 18, 'status': 'success'}",3
gen1_ind002,1,0,1.9796068649590879,success,False,"[0.7578, 0.16768213837666618, 1.4032878284951116, 3585.0, 0.0896, 32.445]","{'hidden_dims': [64, 32], 'dropout_rate': 0.1286, 'activation': 'tanh', 'learning_rate': 0.000409, 'weight_decay': 0.0005416, 'l1_lambda': 0.0001308, 'huber_delta': 0.702, 'batch_size': 32, 'gradient_clip_norm': 1.0, 'epochs': 88}","{'validation_mae': 0.7578, 'generalization_gap': 0.1677, 'val_loss_variance': 1.403288, 'trainable_parameters': 3585, 'inference_latency_ms': 0.0896, 'training_time_seconds': 32.445, 'validation_rmse': 1.0415, 'validation_r2': -0.0932, 'validation_loss': 0.3457, 'training_loss': 0.5134, 'best_epoch': 22, 'status': 'success'}",3
gen2_ind001,2,0,1.8081877415806435,success,False,"[0.7614, 0.16353839299732575, 0.13474512156776292, 11265.0, 0.2816, 88.056]","{'hidden_dims': [128, 64], 'dropout_rate': 0.1827, 'activation': 'tanh', 'learning_rate': 0.001456, 'weight_decay': 0.0003917, 'l1_lambda': 0.000192, 'huber_delta': 0.696, 'batch_size': 32, 'gradient_clip_norm': 1.0, 'epochs': 76}","{'validation_mae': 0.7614, 'generalization_gap': 0.1635, 'val_loss_variance': 0.134745, 'trainable_parameters': 11265, 'inference_latency_ms': 0.2816, 'training_time_seconds': 88.056, 'validation_rmse': 1.0424, 'validation_r2': -0.0952, 'validation_loss': 0.3567, 'training_loss': 0.5203, 'best_epoch': 14, 'status': 'success'}",3
gen2_ind012,2,0,0.9709589077457026,success,False,"[4.5819, 0.6590372323989868, 2.593486973396317, 1281.0, 0.032, 5.795]","{'hidden_dims': [32, 16], 'dropout_rate': 0.2773, 'activation': 'relu', 'learning_rate': 0.000134, 'weight_decay': 0.0020442, 'l1_lambda': 0.0005036, 'huber_delta': 1.637, 'batch_size': 64, 'gradient_clip_norm': 1.0, 'epochs': 44}","{'validation_mae': 4.5819, 'generalization_gap': 0.659, 'val_loss_variance': 2.593487, 'trainable_parameters': 1281, 'inference_latency_ms': 0.032, 'training_time_seconds': 5.795, 'validation_rmse': 4.7633, 'validation_r2': -21.867, 'validation_loss': 6.0658, 'training_loss': 6.7248, 'best_epoch': 44, 'status': 'success'}",3
gen2_ind005,2,0,0.7444670570460394,success,False,"[0.747, 0.4153083450036493, 3.581069060633705, 1281.0, 0.032, 8.561]","{'hidden_dims': [32, 16], 'dropout_rate': 0.2026, 'activation': 'tanh', 'learning_rate': 0.000945, 'weight_decay': 9.52e-05, 'l1_lambda': 5.14e-05, 'huber_delta': 1.483, 'batch_size': 16, 'gradient_clip_norm': 0.5, 'epochs': 65}","{'validation_mae': 0.747, 'generalization_gap': 0.4153, 'val_loss_variance': 3.581069, 'trainable_parameters': 1281, 'inference_latency_ms': 0.032, 'training_time_seconds': 8.561, 'validation_rmse': 1.0074, 'validation_r2': -0.0229, 'validation_loss': 0.4551, 'training_loss': 0.8704, 'best_epoch': 13, 'status': 'success'}",3
gen1_ind004,1,0,0.6146259104534765,success,False,"[0.7516, 0.2918203710613394, 0.5105774986748689, 11265.0, 0.2816, 88.056]","{'hidden_dims': [128, 64], 'dropout_rate': 0.1857, 'activation': 'tanh', 'learning_rate': 0.000687, 'weight_decay': 0.0004706, 'l1_lambda': 0.0002553, 'huber_delta': 0.745, 'batch_size': 32, 'gradient_clip_norm': 1.0, 'epochs': 76}","{'validation_mae': 0.7516, 'generalization_gap': 0.2918, 'val_loss_variance': 0.510577, 'trainable_parameters': 11265, 'inference_latency_ms': 0.2816, 'training_time_seconds': 88.056, 'validation_rmse': 1.0322, 'validation_r2': -0.0738, 'validation_loss': 0.372, 'training_loss': 0.6638, 'best_epoch': 15, 'status': 'success'}",3
gen3_ind003,3,0,0.57786592723553,success,False,"[4.9617, 0.7716870546340946, 1.345093811845901, 1281.0, 0.032, 5.795]","{'hidden_dims': [32, 16], 'dropout_rate': 0.2919, 'activation': 'tanh', 'learning_rate': 0.000115, 'weight_decay': 0.0008202, 'l1_lambda': 0.0005287, 'huber_delta': 1.679, 'batch_size': 64, 'gradient_clip_norm': 1.0, 'epochs': 44}","{'validation_mae': 4.9617, 'generalization_gap': 0.7717, 'val_loss_variance': 1.345094, 'trainable_parameters': 1281, 'inference_latency_ms': 0.032, 'training_time_seconds': 5.795, 'validation_rmse': 5.2626, 'validation_r2': -26.9121, 'validation_loss': 6.7145, 'training_loss': 7.4861, 'best_epoch': 44, 'status': 'success'}",3
gen3_ind000,3,0,1.0095433403670118,success,False,"[0.7546, 0.3220931097865105, 5.1736207355016175, 1281.0, 0.032, 10.537]","{'hidden_dims': [32, 16], 'dropout_rate': 0.2013, 'activation': 'tanh', 'learning_rate': 0.001087, 'weight_decay': 0.0001001, 'l1_lambda': 6e-05, 'huber_delta': 1.387, 'batch_size': 64, 'gradient_clip_norm': 0.5, 'epochs': 80}","{'validation_mae': 0.7546, 'generalization_gap': 0.3221, 'val_loss_variance': 5.173621, 'trainable_parameters': 1281, 'inference_latency_ms': 0.032, 'training_time_seconds': 10.537, 'validation_rmse': 1.0164, 'validation_r2': -0.0411, 'validation_loss': 0.4541, 'training_loss': 0.7762, 'best_epoch': 31, 'status': 'success'}",3
gen3_ind013,3,0,0.5078128167696191,success,False,"[0.7487, 0.5834590396038573, 1.3493474785571336, 3585.0, 0.0896, 29.864]","{'hidden_dims': [64, 32], 'dropout_rate': 0.5, 'activation': 'tanh', 'learning_rate': 0.000461, 'weight_decay': 3.91e-05, 'l1_lambda': 0.0004543, 'huber_delta': 0.772, 'batch_size': 32, 'gradient_clip_norm': 0.5, 'epochs': 81}","{'validation_mae': 0.7487, 'generalization_gap': 0.5835, 'val_loss_variance': 1.349347, 'trainable_parameters': 3585, 'inference_latency_ms': 0.0896, 'training_time_seconds': 29.864, 'validation_rmse': 1.0119, 'validation_r2': -0.032, 'validation_loss': 0.3537, 'training_loss': 0.9371, 'best_epoch': 63, 'status': 'success'}",3
gen3_ind002,3,0,0.5456252808743614,success,False,"[0.759, 0.27226210236549375, 0.009839482674654416, 3585.0, 0.0896, 31.707]","{'hidden_dims': [64, 32], 'dropout_rate': 0.272, 'activation': 'tanh', 'learning_rate': 0.009324, 'weight_decay': 0.0002746, 'l1_lambda': 9.33e-05, 'huber_delta': 1.884, 'batch_size': 64, 'gradient_clip_norm': 1.0, 'epochs': 86}","{'validation_mae': 0.759, 'generalization_gap': 0.2723, 'val_loss_variance': 0.009839, 'trainable_parameters': 3585, 'inference_latency_ms': 0.0896, 'training_time_seconds': 31.707, 'validation_rmse': 1.0056, 'validation_r2': -0.0192, 'validation_loss': 0.5024, 'training_loss': 0.7747, 'best_epoch': 11, 'status': 'success'}",3
gen4_ind009,4,0,inf,success,False,"[4.5989, 0.4811778545379637, 1.2643227219641024, 1281.0, 0.032, 5.268]","{'hidden_dims': [32, 16], 'dropout_rate': 0.3028, 'activation': 'relu', 'learning_rate': 0.0001, 'weight_decay': 0.0005839, 'l1_lambda': 0.0005815, 'huber_delta': 1.576, 'batch_size': 64, 'gradient_clip_norm': 1.0, 'epochs': 40}","{'validation_mae': 4.5989, 'generalization_gap': 0.4812, 'val_loss_variance': 1.264323, 'trainable_parameters': 1281, 'inference_latency_ms': 0.032, 'training_time_seconds': 5.268, 'validation_rmse': 4.9046, 'validation_r2': -23.2441, 'validation_loss': 5.967, 'training_loss': 6.4481, 'best_epoch': 40, 'status': 'success'}",4
gen4_ind011,4,0,inf,success,False,"[5.9984, 0.6325398445129391, 0.6801218287384386, 1281.0, 0.032, 5.795]","{'hidden_dims': [32, 16], 'dropout_rate': 0.2871, 'activation': 'tanh', 'learning_rate': 0.0001, 'weight_decay': 0.0016758, 'l1_lambda': 0.0008238, 'huber_delta': 1.595, 'batch_size': 64, 'gradient_clip_norm': 1.0, 'epochs': 44}","{'validation_mae': 5.9984, 'generalization_gap': 0.6325, 'val_loss_variance': 0.680122, 'trainable_parameters': 1281, 'inference_latency_ms': 0.032, 'training_time_seconds': 5.795, 'validation_rmse': 6.199, 'validation_r2': -37.7287, 'validation_loss': 8.2415, 'training_loss': 8.8741, 'best_epoch': 44, 'status': 'success'}",4
gen4_ind008,4,0,inf,success,False,"[4.098, 0.7192863702774046, 1.8110626395663993, 1281.0, 0.032, 5.795]","{'hidden_dims': [32, 16], 'dropout_rate': 0.2761, 'activation': 'tanh', 'learning_rate': 0.000149, 'weight_decay': 0.000853, 'l1_lambda': 0.0006158, 'huber_delta': 1.624, 'batch_size': 64, 'gradient_clip_norm': 1.0, 'epochs': 44}","{'validation_mae': 4.098, 'generalization_gap': 0.7193, 'val_loss_variance': 1.811063, 'trainable_parameters': 1281, 'inference_latency_ms': 0.032, 'training_time_seconds': 5.795, 'validation_rmse': 4.8018, 'validation_r2': -22.2377, 'validation_loss': 5.3931, 'training_loss': 6.1124, 'best_epoch': 44, 'status': 'success'}",4
gen2_ind011,2,0,inf,success,False,"[0.7727, 0.13534087503728598, 0.01627453524990596, 769.0, 0.0192, 5.928]","{'hidden_dims': [32], 'dropout_rate': 0.2623, 'activation': 'tanh', 'learning_rate': 0.01, 'weight_decay': 0.0002762, 'l1_lambda': 5.64e-05, 'huber_delta': 2.0, 'batch_size': 16, 'gradient_clip_norm': 2.0, 'epochs': 75}","{'validation_mae': 0.7727, 'generalization_gap': 0.1353, 'val_loss_variance': 0.016275, 'trainable_parameters': 769, 'inference_latency_ms': 0.0192, 'training_time_seconds': 5.928, 'validation_rmse': 1.0161, 'validation_r2': -0.0405, 'validation_loss': 0.5104, 'training_loss': 0.6458, 'best_epoch': 14, 'status': 'success'}",4
gen0_ind001,0,0,inf,success,False,"[0.753, 0.374581690132618, 5.498000005534723, 769.0, 0.0192, 6.561]","{'hidden_dims': [32], 'dropout_rate': 0.2194, 'activation': 'tanh', 'learning_rate': 0.005214, 'weight_decay': 0.0006158, 'l1_lambda': 9.42e-05, 'huber_delta': 1.963, 'batch_size': 64, 'gradient_clip_norm': 2.0, 'epochs': 83}","{'validation_mae': 0.753, 'generalization_gap': 0.3746, 'val_loss_variance': 5.498, 'trainable_parameters': 769, 'inference_latency_ms': 0.0192, 'training_time_seconds': 6.561, 'validation_rmse': 1.0036, 'validation_r2': -0.015, 'validation_loss': 0.4751, 'training_loss': 0.8497, 'best_epoch': 17, 'status': 'success'}",4
gen4_ind007,4,0,inf,success,False,"[0.7441, 0.13878167167245614, 0.00017262798317463628, 13313.0, 0.3328, 106.804]","{'hidden_dims': [128, 64, 32], 'dropout_rate': 0.2706, 'activation': 'tanh', 'learning_rate': 0.007899, 'weight_decay': 0.000218, 'l1_lambda': 0.0, 'huber_delta': 0.677, 'batch_size': 16, 'gradient_clip_norm': 0.5, 'epochs': 78}","{'validation_mae': 0.7441, 'generalization_gap': 0.1388, 'val_loss_variance': 0.000173, 'trainable_parameters': 13313, 'inference_latency_ms': 0.3328, 'training_time_seconds': 106.804, 'validation_rmse': 1.0143, 'validation_r2': -0.0369, 'validation_loss': 0.3242, 'training_loss': 0.463, 'best_epoch': 1, 'status': 'success'}",4
gen3_ind005,3,0,inf,success,False,"[0.743, 0.16295941023208838, 0.028559513648284598, 13313.0, 0.3328, 106.804]","{'hidden_dims': [128, 64, 32], 'dropout_rate': 0.3028, 'activation': 'relu', 'learning_rate': 0.006941, 'weight_decay': 0.0003131, 'l1_lambda': 9.8e-06, 'huber_delta': 1.268, 'batch_size': 16, 'gradient_clip_norm': 0.5, 'epochs': 78}","{'validation_mae': 0.743, 'generalization_gap': 0.163, 'val_loss_variance': 0.02856, 'trainable_parameters': 13313, 'inference_latency_ms': 0.3328, 'training_time_seconds': 106.804, 'validation_rmse': 1.0074, 'validation_r2': -0.0229, 'validation_loss': 0.4477, 'training_loss': 0.6106, 'best_epoch': 16, 'status': 'success'}",4
gen4_ind006,4,0,inf,success,False,"[0.8081, 0.006177253292915519, 0.031187282631771302, 13313.0, 0.3328, 119.128]","{'hidden_dims': [128, 64, 32], 'dropout_rate': 0.0322, 'activation': 'relu', 'learning_rate': 0.004396, 'weight_decay': 0.0010316, 'l1_lambda': 0.0003216, 'huber_delta': 2.0, 'batch_size': 32, 'gradient_clip_norm': 0.5, 'epochs': 87}","{'validation_mae': 0.8081, 'generalization_gap': 0.0062, 'val_loss_variance': 0.031187, 'trainable_parameters': 13313, 'inference_latency_ms': 0.3328, 'training_time_seconds': 119.128, 'validation_rmse': 1.0378, 'validation_r2': -0.0855, 'validation_loss': 0.6414, 'training_loss': 0.6353, 'best_epoch': 33, 'status': 'success'}",4
gen3_ind013,3,0,2.049795144363476,success,False,"[0.7487, 0.5834590396038573, 1.3493474785571336, 3585.0, 0.0896, 29.864]","{'hidden_dims': [64, 32], 'dropout_rate': 0.5, 'activation': 'tanh', 'learning_rate': 0.000461, 'weight_decay': 3.91e-05, 'l1_lambda': 0.0004543, 'huber_delta': 0.772, 'batch_size': 32, 'gradient_clip_norm': 0.5, 'epochs': 81}","{'validation_mae': 0.7487, 'generalization_gap': 0.5835, 'val_loss_variance': 1.349347, 'trainable_parameters': 3585, 'inference_latency_ms': 0.0896, 'training_time_seconds': 29.864, 'validation_rmse': 1.0119, 'validation_r2': -0.032, 'validation_loss': 0.3537, 'training_loss': 0.9371, 'best_epoch': 63, 'status': 'success'}",4
gen3_ind000,3,0,1.0475319101354987,success,False,"[0.7546, 0.3220931097865105, 5.1736207355016175, 1281.0, 0.032, 10.537]","{'hidden_dims': [32, 16], 'dropout_rate': 0.2013, 'activation': 'tanh', 'learning_rate': 0.001087, 'weight_decay': 0.0001001, 'l1_lambda': 6e-05, 'huber_delta': 1.387, 'batch_size': 64, 'gradient_clip_norm': 0.5, 'epochs': 80}","{'validation_mae': 0.7546, 'generalization_gap': 0.3221, 'val_loss_variance': 5.173621, 'trainable_parameters': 1281, 'inference_latency_ms': 0.032, 'training_time_seconds': 10.537, 'validation_rmse': 1.0164, 'validation_r2': -0.0411, 'validation_loss': 0.4541, 'training_loss': 0.7762, 'best_epoch': 31, 'status': 'success'}",4
gen4_ind015,4,0,0.8121865623036774,success,False,"[0.7579, 0.2263154741516687, 0.0009759696054788818, 13313.0, 0.3328, 91.742]","{'hidden_dims': [128, 64, 32], 'dropout_rate': 0.2358, 'activation': 'tanh', 'learning_rate': 0.006967, 'weight_decay': 7.57e-05, 'l1_lambda': 6.59e-05, 'huber_delta': 1.971, 'batch_size': 32, 'gradient_clip_norm': 1.0, 'epochs': 67}","{'validation_mae': 0.7579, 'generalization_gap': 0.2263, 'val_loss_variance': 0.000976, 'trainable_parameters': 13313, 'inference_latency_ms': 0.3328, 'training_time_seconds': 91.742, 'validation_rmse': 0.9961, 'validation_r2': -0.0001, 'validation_loss': 0.4891, 'training_loss': 0.7154, 'best_epoch': 18, 'status': 'success'}",4
gen2_ind005,2,0,0.5817495991115097,success,False,"[0.747, 0.4153083450036493, 3.581069060633705, 1281.0, 0.032, 8.561]","{'hidden_dims': [32, 16], 'dropout_rate': 0.2026, 'activation': 'tanh', 'learning_rate': 0.000945, 'weight_decay': 9.52e-05, 'l1_lambda': 5.14e-05, 'huber_delta': 1.483, 'batch_size': 16, 'gradient_clip_norm': 0.5, 'epochs': 65}","{'validation_mae': 0.747, 'generalization_gap': 0.4153, 'val_loss_variance': 3.581069, 'trainable_parameters': 1281, 'inference_latency_ms': 0.032, 'training_time_seconds': 8.561, 'validation_rmse': 1.0074, 'validation_r2': -0.0229, 'validation_loss': 0.4551, 'training_loss': 0.8704, 'best_epoch': 13, 'status': 'success'}",4
gen2_ind009,2,0,0.592238907344232,success,False,"[5.8857, 0.6598392248153679, 0.564017471121134, 1281.0, 0.032, 5.795]","{'hidden_dims': [32, 16], 'dropout_rate': 0.3016, 'activation': 'tanh', 'learning_rate': 0.000107, 'weight_decay': 0.0008153, 'l1_lambda': 0.0005656, 'huber_delta': 1.563, 'batch_size': 64, 'gradient_clip_norm': 1.0, 'epochs': 44}","{'validation_mae': 5.8857, 'generalization_gap': 0.6598, 'val_loss_variance': 0.564017, 'trainable_parameters': 1281, 'inference_latency_ms': 0.032, 'training_time_seconds': 5.795, 'validation_rmse': 6.0547, 'validation_r2': -35.947, 'validation_loss': 7.9169, 'training_loss': 8.5767, 'best_epoch': 44, 'status': 'success'}",4
gen4_ind005,4,0,0.6032120754892244,success,False,"[0.7464, 0.010580178938413898, 0.01483426683694441, 3585.0, 0.0896, 32.076]","{'hidden_dims': [64, 32], 'dropout_rate': 0.0, 'activation': 'tanh', 'learning_rate': 0.009722, 'weight_decay': 0.0006972, 'l1_lambda': 0.0002188, 'huber_delta': 1.691, 'batch_size': 32, 'gradient_clip_norm': 0.5, 'epochs': 87}","{'validation_mae': 0.7464, 'generalization_gap': 0.0106, 'val_loss_variance': 0.014834, 'trainable_parameters': 3585, 'inference_latency_ms': 0.0896, 'training_time_seconds': 32.076, 'validation_rmse': 1.0096, 'validation_r2': -0.0273, 'validation_loss': 0.5245, 'training_loss': 0.5351, 'best_epoch': 2, 'status': 'success'}",4
gen3_ind002,3,0,0.5264210729273415,success,False,"[0.759, 0.27226210236549375, 0.009839482674654416, 3585.0, 0.0896, 31.707]","{'hidden_dims': [64, 32], 'dropout_rate': 0.272, 'activation': 'tanh', 'learning_rate': 0.009324, 'weight_decay': 0.0002746, 'l1_lambda': 9.33e-05, 'huber_delta': 1.884, 'batch_size': 64, 'gradient_clip_norm': 1.0, 'epochs': 86}","{'validation_mae': 0.759, 'generalization_gap': 0.2723, 'val_loss_variance': 0.009839, 'trainable_parameters': 3585, 'inference_latency_ms': 0.0896, 'training_time_seconds': 31.707, 'validation_rmse': 1.0056, 'validation_r2': -0.0192, 'validation_loss': 0.5024, 'training_loss': 0.7747, 'best_epoch': 11, 'status': 'success'}",4
gen4_ind014,4,0,0.5212010490472226,success,False,"[0.7982, 0.05910382559873106, 2.9762141537704285, 769.0, 0.0192, 6.877]","{'hidden_dims': [32], 'dropout_rate': 0.0, 'activation': 'tanh', 'learning_rate': 0.005131, 'weight_decay': 0.0007301, 'l1_lambda': 0.0002762, 'huber_delta': 1.93, 'batch_size': 32, 'gradient_clip_norm': 0.5, 'epochs': 87}","{'validation_mae': 0.7982, 'generalization_gap': 0.0591, 'val_loss_variance': 2.976214, 'trainable_parameters': 769, 'inference_latency_ms': 0.0192, 'training_time_seconds': 6.877, 'validation_rmse': 1.0326, 'validation_r2': -0.0747, 'validation_loss': 0.5663, 'training_loss': 0.5072, 'best_epoch': 11, 'status': 'success'}",4
gen5_ind000,5,0,inf,success,False,"[0.7721, 0.016327656172065108, 0.04382617406599723, 769.0, 0.0192, 4.585]","{'hidden_dims': [32], 'dropout_rate': 0.3279, 'activation': 'relu', 'learning_rate': 0.008441, 'weight_decay': 0.0002697, 'l1_lambda': 0.0001522, 'huber_delta': 1.971, 'batch_size': 16, 'gradient_clip_norm': 2.0, 'epochs': 58}","{'validation_mae': 0.7721, 'generalization_gap': 0.0163, 'val_loss_variance': 0.043826, 'trainable_parameters': 769, 'inference_latency_ms': 0.0192, 'training_time_seconds': 4.585, 'validation_rmse': 1.0239, 'validation_r2': -0.0565, 'validation_loss': 0.5658, 'training_loss': 0.5821, 'best_epoch': 38, 'status': 'success'}",5
gen2_ind011,2,0,inf,success,False,"[0.7727, 0.13534087503728598, 0.01627453524990596, 769.0, 0.0192, 5.928]","{'hidden_dims': [32], 'dropout_rate': 0.2623, 'activation': 'tanh', 'learning_rate': 0.01, 'weight_decay': 0.0002762, 'l1_lambda': 5.64e-05, 'huber_delta': 2.0, 'batch_size': 16, 'gradient_clip_norm': 2.0, 'epochs': 75}","{'validation_mae': 0.7727, 'generalization_gap': 0.1353, 'val_loss_variance': 0.016275, 'trainable_parameters': 769, 'inference_latency_ms': 0.0192, 'training_time_seconds': 5.928, 'validation_rmse': 1.0161, 'validation_r2': -0.0405, 'validation_loss': 0.5104, 'training_loss': 0.6458, 'best_epoch': 14, 'status': 'success'}",5
gen5_ind002,5,0,0.566314372335841,success,False,"[0.7537, 0.23602070523659713, 2.4232050224583106, 769.0, 0.0192, 6.561]","{'hidden_dims': [32], 'dropout_rate': 0.2103, 'activation': 'tanh', 'learning_rate': 0.003885, 'weight_decay': 0.0003181, 'l1_lambda': 9.7e-05, 'huber_delta': 1.973, 'batch_size': 16, 'gradient_clip_norm': 2.0, 'epochs': 83}","{'validation_mae': 0.7537, 'generalization_gap': 0.236, 'val_loss_variance': 2.423205, 'trainable_parameters': 769, 'inference_latency_ms': 0.0192, 'training_time_seconds': 6.561, 'validation_rmse': 1.0154, 'validation_r2': -0.0392, 'validation_loss': 0.5187, 'training_loss': 0.7548, 'best_epoch': 12, 'status': 'success'}",5
gen0_ind001,0,0,inf,success,False,"[0.753, 0.374581690132618, 5.498000005534723, 769.0, 0.0192, 6.561]","{'hidden_dims': [32], 'dropout_rate': 0.2194, 'activation': 'tanh', 'learning_rate': 0.005214, 'weight_decay': 0.0006158, 'l1_lambda': 9.42e-05, 'huber_delta': 1.963, 'batch_size': 64, 'gradient_clip_norm': 2.0, 'epochs': 83}","{'validation_mae': 0.753, 'generalization_gap': 0.3746, 'val_loss_variance': 5.498, 'trainable_parameters': 769, 'inference_latency_ms': 0.0192, 'training_time_seconds': 6.561, 'validation_rmse': 1.0036, 'validation_r2': -0.015, 'validation_loss': 0.4751, 'training_loss': 0.8497, 'best_epoch': 17, 'status': 'success'}",5
gen2_ind005,2,0,1.6027123678000663,success,False,"[0.747, 0.4153083450036493, 3.581069060633705, 1281.0, 0.032, 8.561]","{'hidden_dims': [32, 16], 'dropout_rate': 0.2026, 'activation': 'tanh', 'learning_rate': 0.000945, 'weight_decay': 9.52e-05, 'l1_lambda': 5.14e-05, 'huber_delta': 1.483, 'batch_size': 16, 'gradient_clip_norm': 0.5, 'epochs': 65}","{'validation_mae': 0.747, 'generalization_gap': 0.4153, 'val_loss_variance': 3.581069, 'trainable_parameters': 1281, 'inference_latency_ms': 0.032, 'training_time_seconds': 8.561, 'validation_rmse': 1.0074, 'validation_r2': -0.0229, 'validation_loss': 0.4551, 'training_loss': 0.8704, 'best_epoch': 13, 'status': 'success'}",5
gen3_ind013,3,0,inf,success,False,"[0.7487, 0.5834590396038573, 1.3493474785571336, 3585.0, 0.0896, 29.864]","{'hidden_dims': [64, 32], 'dropout_rate': 0.5, 'activation': 'tanh', 'learning_rate': 0.000461, 'weight_decay': 3.91e-05, 'l1_lambda': 0.0004543, 'huber_delta': 0.772, 'batch_size': 32, 'gradient_clip_norm': 0.5, 'epochs': 81}","{'validation_mae': 0.7487, 'generalization_gap': 0.5835, 'val_loss_variance': 1.349347, 'trainable_parameters': 3585, 'inference_latency_ms': 0.0896, 'training_time_seconds': 29.864, 'validation_rmse': 1.0119, 'validation_r2': -0.032, 'validation_loss': 0.3537, 'training_loss': 0.9371, 'best_epoch': 63, 'status': 'success'}",5
gen3_ind002,3,0,0.8459350560817687,success,False,"[0.759, 0.27226210236549375, 0.009839482674654416, 3585.0, 0.0896, 31.707]","{'hidden_dims': [64, 32], 'dropout_rate': 0.272, 'activation': 'tanh', 'learning_rate': 0.009324, 'weight_decay': 0.0002746, 'l1_lambda': 9.33e-05, 'huber_delta': 1.884, 'batch_size': 64, 'gradient_clip_norm': 1.0, 'epochs': 86}","{'validation_mae': 0.759, 'generalization_gap': 0.2723, 'val_loss_variance': 0.009839, 'trainable_parameters': 3585, 'inference_latency_ms': 0.0896, 'training_time_seconds': 31.707, 'validation_rmse': 1.0056, 'validation_r2': -0.0192, 'validation_loss': 0.5024, 'training_loss': 0.7747, 'best_epoch': 11, 'status': 'success'}",5
gen4_ind005,4,0,0.5843545360804462,success,False,"[0.7464, 0.010580178938413898, 0.01483426683694441, 3585.0, 0.0896, 32.076]","{'hidden_dims': [64, 32], 'dropout_rate': 0.0, 'activation': 'tanh', 'learning_rate': 0.009722, 'weight_decay': 0.0006972, 'l1_lambda': 0.0002188, 'huber_delta': 1.691, 'batch_size': 32, 'gradient_clip_norm': 0.5, 'epochs': 87}","{'validation_mae': 0.7464, 'generalization_gap': 0.0106, 'val_loss_variance': 0.014834, 'trainable_parameters': 3585, 'inference_latency_ms': 0.0896, 'training_time_seconds': 32.076, 'validation_rmse': 1.0096, 'validation_r2': -0.0273, 'validation_loss': 0.5245, 'training_loss': 0.5351, 'best_epoch': 2, 'status': 'success'}",5
gen4_ind015,4,0,0.8619146891792921,success,False,"[0.7579, 0.2263154741516687, 0.0009759696054788818, 13313.0, 0.3328, 91.742]","{'hidden_dims': [128, 64, 32], 'dropout_rate': 0.2358, 'activation': 'tanh', 'learning_rate': 0.006967, 'weight_decay': 7.57e-05, 'l1_lambda': 6.59e-05, 'huber_delta': 1.971, 'batch_size': 32, 'gradient_clip_norm': 1.0, 'epochs': 67}","{'validation_mae': 0.7579, 'generalization_gap': 0.2263, 'val_loss_variance': 0.000976, 'trainable_parameters': 13313, 'inference_latency_ms': 0.3328, 'training_time_seconds': 91.742, 'validation_rmse': 0.9961, 'validation_r2': -0.0001, 'validation_loss': 0.4891, 'training_loss': 0.7154, 'best_epoch': 18, 'status': 'success'}",5
gen4_ind007,4,0,inf,success,False,"[0.7441, 0.13878167167245614, 0.00017262798317463628, 13313.0, 0.3328, 106.804]","{'hidden_dims': [128, 64, 32], 'dropout_rate': 0.2706, 'activation': 'tanh', 'learning_rate': 0.007899, 'weight_decay': 0.000218, 'l1_lambda': 0.0, 'huber_delta': 0.677, 'batch_size': 16, 'gradient_clip_norm': 0.5, 'epochs': 78}","{'validation_mae': 0.7441, 'generalization_gap': 0.1388, 'val_loss_variance': 0.000173, 'trainable_parameters': 13313, 'inference_latency_ms': 0.3328, 'training_time_seconds': 106.804, 'validation_rmse': 1.0143, 'validation_r2': -0.0369, 'validation_loss': 0.3242, 'training_loss': 0.463, 'best_epoch': 1, 'status': 'success'}",5
gen5_ind014,5,0,0.21699017039234939,success,False,"[0.7468, 0.06434186662618929, 0.008635488535898364, 13313.0, 0.3328, 106.804]","{'hidden_dims': [128, 64, 32], 'dropout_rate': 0.271, 'activation': 'gelu', 'learning_rate': 0.01, 'weight_decay': 0.0002171, 'l1_lambda': 0.0, 'huber_delta': 0.69, 'batch_size': 16, 'gradient_clip_norm': 1.0, 'epochs': 78}","{'validation_mae': 0.7468, 'generalization_gap': 0.0643, 'val_loss_variance': 0.008635, 'trainable_parameters': 13313, 'inference_latency_ms': 0.3328, 'training_time_seconds': 106.804, 'validation_rmse': 1.011, 'validation_r2': -0.0302, 'validation_loss': 0.353, 'training_loss': 0.4173, 'best_epoch': 18, 'status': 'success'}",5
gen3_ind005,3,0,inf,success,False,"[0.743, 0.16295941023208838, 0.028559513648284598, 13313.0, 0.3328, 106.804]","{'hidden_dims': [128, 64, 32], 'dropout_rate': 0.3028, 'activation': 'relu', 'learning_rate': 0.006941, 'weight_decay': 0.0003131, 'l1_lambda': 9.8e-06, 'huber_delta': 1.268, 'batch_size': 16, 'gradient_clip_norm': 0.5, 'epochs': 78}","{'validation_mae': 0.743, 'generalization_gap': 0.163, 'val_loss_variance': 0.02856, 'trainable_parameters': 13313, 'inference_latency_ms': 0.3328, 'training_time_seconds': 106.804, 'validation_rmse': 1.0074, 'validation_r2': -0.0229, 'validation_loss': 0.4477, 'training_loss': 0.6106, 'best_epoch': 16, 'status': 'success'}",5
gen4_ind006,4,0,inf,success,False,"[0.8081, 0.006177253292915519, 0.031187282631771302, 13313.0, 0.3328, 119.128]","{'hidden_dims': [128, 64, 32], 'dropout_rate': 0.0322, 'activation': 'relu', 'learning_rate': 0.004396, 'weight_decay': 0.0010316, 'l1_lambda': 0.0003216, 'huber_delta': 2.0, 'batch_size': 32, 'gradient_clip_norm': 0.5, 'epochs': 87}","{'validation_mae': 0.8081, 'generalization_gap': 0.0062, 'val_loss_variance': 0.031187, 'trainable_parameters': 13313, 'inference_latency_ms': 0.3328, 'training_time_seconds': 119.128, 'validation_rmse': 1.0378, 'validation_r2': -0.0855, 'validation_loss': 0.6414, 'training_loss': 0.6353, 'best_epoch': 33, 'status': 'success'}",5
gen5_ind006,5,1,inf,success,False,"[6.4315, 0.42841601371765137, 0.1958342685328396, 1281.0, 0.032, 4.61]","{'hidden_dims': [32, 16], 'dropout_rate': 0.32, 'activation': 'tanh', 'learning_rate': 0.0001, 'weight_decay': 0.0016758, 'l1_lambda': 0.0008238, 'huber_delta': 1.49, 'batch_size': 64, 'gradient_clip_norm': 1.0, 'epochs': 35}","{'validation_mae': 6.4315, 'generalization_gap': 0.4284, 'val_loss_variance': 0.195834, 'trainable_parameters': 1281, 'inference_latency_ms': 0.032, 'training_time_seconds': 4.61, 'validation_rmse': 6.6681, 'validation_r2': -43.812, 'validation_loss': 8.4738, 'training_loss': 8.9022, 'best_epoch': 35, 'status': 'success'}",5
gen5_ind015,5,1,inf,success,False,"[2.5694, 0.854265018513328, 4.842863531320087, 1281.0, 0.032, 5.4]","{'hidden_dims': [32, 16], 'dropout_rate': 0.2867, 'activation': 'tanh', 'learning_rate': 0.0001, 'weight_decay': 0.0016824, 'l1_lambda': 0.0009219, 'huber_delta': 1.582, 'batch_size': 16, 'gradient_clip_norm': 0.5, 'epochs': 41}","{'validation_mae': 2.5694, 'generalization_gap': 0.8543, 'val_loss_variance': 4.842864, 'trainable_parameters': 1281, 'inference_latency_ms': 0.032, 'training_time_seconds': 5.4, 'validation_rmse': 2.7987, 'validation_r2': -6.8941, 'validation_loss': 2.872, 'training_loss': 3.7263, 'best_epoch': 41, 'status': 'success'}",5
gen5_ind003,5,1,inf,success,False,"[0.7722, 0.08736122250556944, 0.5219797997843758, 769.0, 0.0192, 5.928]","{'hidden_dims': [32], 'dropout_rate': 0.2714, 'activation': 'gelu', 'learning_rate': 0.01, 'weight_decay': 0.000268, 'l1_lambda': 5.36e-05, 'huber_delta': 1.99, 'batch_size': 64, 'gradient_clip_norm': 2.0, 'epochs': 75}","{'validation_mae': 0.7722, 'generalization_gap': 0.0874, 'val_loss_variance': 0.52198, 'trainable_parameters': 769, 'inference_latency_ms': 0.0192, 'training_time_seconds': 5.928, 'validation_rmse': 1.0273, 'validation_r2': -0.0635, 'validation_loss': 0.5415, 'training_loss': 0.6289, 'best_epoch': 45, 'status': 'success'}",5
gen5_ind000,5,0,inf,success,False,"[0.7721, 0.016327656172065108, 0.04382617406599723, 769.0, 0.0192, 4.585]","{'hidden_dims': [32], 'dropout_rate': 0.3279, 'activation': 'relu', 'learning_rate': 0.008441, 'weight_decay': 0.0002697, 'l1_lambda': 0.0001522, 'huber_delta': 1.971, 'batch_size': 16, 'gradient_clip_norm': 2.0, 'epochs': 58}","{'validation_mae': 0.7721, 'generalization_gap': 0.0163, 'val_loss_variance': 0.043826, 'trainable_parameters': 769, 'inference_latency_ms': 0.0192, 'training_time_seconds': 4.585, 'validation_rmse': 1.0239, 'validation_r2': -0.0565, 'validation_loss': 0.5658, 'training_loss': 0.5821, 'best_epoch': 38, 'status': 'success'}",6
gen6_ind009,6,0,inf,success,False,"[0.7672, 0.29991077035665514, 9.019335962321193, 769.0, 0.0192, 5.138]","{'hidden_dims': [32], 'dropout_rate': 0.2044, 'activation': 'tanh', 'learning_rate': 0.000943, 'weight_decay': 9.49e-05, 'l1_lambda': 5.01e-05, 'huber_delta': 1.546, 'batch_size': 64, 'gradient_clip_norm': 0.5, 'epochs': 65}","{'validation_mae': 0.7672, 'generalization_gap': 0.2999, 'val_loss_variance': 9.019336, 'trainable_parameters': 769, 'inference_latency_ms': 0.0192, 'training_time_seconds': 5.138, 'validation_rmse': 1.0124, 'validation_r2': -0.033, 'validation_loss': 0.4696, 'training_loss': 0.7695, 'best_epoch': 56, 'status': 'success'}",6
gen6_ind005,6,0,inf,success,False,"[0.7741, 0.06609873585252146, 0.005141930809360554, 769.0, 0.0192, 5.928]","{'hidden_dims': [32], 'dropout_rate': 0.2674, 'activation': 'tanh', 'learning_rate': 0.01, 'weight_decay': 0.0002697, 'l1_lambda': 4.62e-05, 'huber_delta': 2.0, 'batch_size': 16, 'gradient_clip_norm': 0.5, 'epochs': 75}","{'validation_mae': 0.7741, 'generalization_gap': 0.0661, 'val_loss_variance': 0.005142, 'trainable_parameters': 769, 'inference_latency_ms': 0.0192, 'training_time_seconds': 5.928, 'validation_rmse': 1.0217, 'validation_r2': -0.0521, 'validation_loss': 0.5348, 'training_loss': 0.6009, 'best_epoch': 22, 'status': 'success'}",6
gen3_ind013,3,0,inf,success,False,"[0.7487, 0.5834590396038573, 1.3493474785571336, 3585.0, 0.0896, 29.864]","{'hidden_dims': [64, 32], 'dropout_rate': 0.5, 'activation': 'tanh', 'learning_rate': 0.000461, 'weight_decay': 3.91e-05, 'l1_lambda': 0.0004543, 'huber_delta': 0.772, 'batch_size': 32, 'gradient_clip_norm': 0.5, 'epochs': 81}","{'validation_mae': 0.7487, 'generalization_gap': 0.5835, 'val_loss_variance': 1.349347, 'trainable_parameters': 3585, 'inference_latency_ms': 0.0896, 'training_time_seconds': 29.864, 'validation_rmse': 1.0119, 'validation_r2': -0.032, 'validation_loss': 0.3537, 'training_loss': 0.9371, 'best_epoch': 63, 'status': 'success'}",6
gen4_ind007,4,0,inf,success,False,"[0.7441, 0.13878167167245614, 0.00017262798317463628, 13313.0, 0.3328, 106.804]","{'hidden_dims': [128, 64, 32], 'dropout_rate': 0.2706, 'activation': 'tanh', 'learning_rate': 0.007899, 'weight_decay': 0.000218, 'l1_lambda': 0.0, 'huber_delta': 0.677, 'batch_size': 16, 'gradient_clip_norm': 0.5, 'epochs': 78}","{'validation_mae': 0.7441, 'generalization_gap': 0.1388, 'val_loss_variance': 0.000173, 'trainable_parameters': 13313, 'inference_latency_ms': 0.3328, 'training_time_seconds': 106.804, 'validation_rmse': 1.0143, 'validation_r2': -0.0369, 'validation_loss': 0.3242, 'training_loss': 0.463, 'best_epoch': 1, 'status': 'success'}",6
gen3_ind005,3,0,inf,success,False,"[0.743, 0.16295941023208838, 0.028559513648284598, 13313.0, 0.3328, 106.804]","{'hidden_dims': [128, 64, 32], 'dropout_rate': 0.3028, 'activation': 'relu', 'learning_rate': 0.006941, 'weight_decay': 0.0003131, 'l1_lambda': 9.8e-06, 'huber_delta': 1.268, 'batch_size': 16, 'gradient_clip_norm': 0.5, 'epochs': 78}","{'validation_mae': 0.743, 'generalization_gap': 0.163, 'val_loss_variance': 0.02856, 'trainable_parameters': 13313, 'inference_latency_ms': 0.3328, 'training_time_seconds': 106.804, 'validation_rmse': 1.0074, 'validation_r2': -0.0229, 'validation_loss': 0.4477, 'training_loss': 0.6106, 'best_epoch': 16, 'status': 'success'}",6
gen4_ind006,4,0,inf,success,False,"[0.8081, 0.006177253292915519, 0.031187282631771302, 13313.0, 0.3328, 119.128]","{'hidden_dims': [128, 64, 32], 'dropout_rate': 0.0322, 'activation': 'relu', 'learning_rate': 0.004396, 'weight_decay': 0.0010316, 'l1_lambda': 0.0003216, 'huber_delta': 2.0, 'batch_size': 32, 'gradient_clip_norm': 0.5, 'epochs': 87}","{'validation_mae': 0.8081, 'generalization_gap': 0.0062, 'val_loss_variance': 0.031187, 'trainable_parameters': 13313, 'inference_latency_ms': 0.3328, 'training_time_seconds': 119.128, 'validation_rmse': 1.0378, 'validation_r2': -0.0855, 'validation_loss': 0.6414, 'training_loss': 0.6353, 'best_epoch': 33, 'status': 'success'}",6
gen2_ind005,2,0,1.1318201842994808,success,False,"[0.747, 0.4153083450036493, 3.581069060633705, 1281.0, 0.032, 8.561]","{'hidden_dims': [32, 16], 'dropout_rate': 0.2026, 'activation': 'tanh', 'learning_rate': 0.000945, 'weight_decay': 9.52e-05, 'l1_lambda': 5.14e-05, 'huber_delta': 1.483, 'batch_size': 16, 'gradient_clip_norm': 0.5, 'epochs': 65}","{'validation_mae': 0.747, 'generalization_gap': 0.4153, 'val_loss_variance': 3.581069, 'trainable_parameters': 1281, 'inference_latency_ms': 0.032, 'training_time_seconds': 8.561, 'validation_rmse': 1.0074, 'validation_r2': -0.0229, 'validation_loss': 0.4551, 'training_loss': 0.8704, 'best_epoch': 13, 'status': 'success'}",6
gen4_ind015,4,0,0.8484667546941163,success,False,"[0.7579, 0.2263154741516687, 0.0009759696054788818, 13313.0, 0.3328, 91.742]","{'hidden_dims': [128, 64, 32], 'dropout_rate': 0.2358, 'activation': 'tanh', 'learning_rate': 0.006967, 'weight_decay': 7.57e-05, 'l1_lambda': 6.59e-05, 'huber_delta': 1.971, 'batch_size': 32, 'gradient_clip_norm': 1.0, 'epochs': 67}","{'validation_mae': 0.7579, 'generalization_gap': 0.2263, 'val_loss_variance': 0.000976, 'trainable_parameters': 13313, 'inference_latency_ms': 0.3328, 'training_time_seconds': 91.742, 'validation_rmse': 0.9961, 'validation_r2': -0.0001, 'validation_loss': 0.4891, 'training_loss': 0.7154, 'best_epoch': 18, 'status': 'success'}",6
gen3_ind002,3,0,0.6366559162441574,success,False,"[0.759, 0.27226210236549375, 0.009839482674654416, 3585.0, 0.0896, 31.707]","{'hidden_dims': [64, 32], 'dropout_rate': 0.272, 'activation': 'tanh', 'learning_rate': 0.009324, 'weight_decay': 0.0002746, 'l1_lambda': 9.33e-05, 'huber_delta': 1.884, 'batch_size': 64, 'gradient_clip_norm': 1.0, 'epochs': 86}","{'validation_mae': 0.759, 'generalization_gap': 0.2723, 'val_loss_variance': 0.009839, 'trainable_parameters': 3585, 'inference_latency_ms': 0.0896, 'training_time_seconds': 31.707, 'validation_rmse': 1.0056, 'validation_r2': -0.0192, 'validation_loss': 0.5024, 'training_loss': 0.7747, 'best_epoch': 11, 'status': 'success'}",6
gen4_ind005,4,0,0.5883318447642899,success,False,"[0.7464, 0.010580178938413898, 0.01483426683694441, 3585.0, 0.0896, 32.076]","{'hidden_dims': [64, 32], 'dropout_rate': 0.0, 'activation': 'tanh', 'learning_rate': 0.009722, 'weight_decay': 0.0006972, 'l1_lambda': 0.0002188, 'huber_delta': 1.691, 'batch_size': 32, 'gradient_clip_norm': 0.5, 'epochs': 87}","{'validation_mae': 0.7464, 'generalization_gap': 0.0106, 'val_loss_variance': 0.014834, 'trainable_parameters': 3585, 'inference_latency_ms': 0.0896, 'training_time_seconds': 32.076, 'validation_rmse': 1.0096, 'validation_r2': -0.0273, 'validation_loss': 0.5245, 'training_loss': 0.5351, 'best_epoch': 2, 'status': 'success'}",6
gen6_ind000,6,0,0.5435714521520792,success,False,"[0.7582, 0.35019017159938814, 5.8038030227717705, 769.0, 0.0192, 5.849]","{'hidden_dims': [32], 'dropout_rate': 0.2272, 'activation': 'tanh', 'learning_rate': 0.005208, 'weight_decay': 0.000688, 'l1_lambda': 8.91e-05, 'huber_delta': 2.0, 'batch_size': 64, 'gradient_clip_norm': 2.0, 'epochs': 74}","{'validation_mae': 0.7582, 'generalization_gap': 0.3502, 'val_loss_variance': 5.803803, 'trainable_parameters': 769, 'inference_latency_ms': 0.0192, 'training_time_seconds': 5.849, 'validation_rmse': 1.0031, 'validation_r2': -0.0141, 'validation_loss': 0.4986, 'training_loss': 0.8488, 'best_epoch': 21, 'status': 'success'}",6
gen6_ind008,6,0,0.4043055113860987,success,False,"[0.753, 0.38137308812817106, 0.00031315946753043356, 1281.0, 0.032, 10.932]","{'hidden_dims': [32, 16], 'dropout_rate': 0.2176, 'activation': 'tanh', 'learning_rate': 0.005223, 'weight_decay': 0.0006178, 'l1_lambda': 9.55e-05, 'huber_delta': 1.945, 'batch_size': 16, 'gradient_clip_norm': 2.0, 'epochs': 83}","{'validation_mae': 0.753, 'generalization_gap': 0.3814, 'val_loss_variance': 0.000313, 'trainable_parameters': 1281, 'inference_latency_ms': 0.032, 'training_time_seconds': 10.932, 'validation_rmse': 0.9968, 'validation_r2': -0.0013, 'validation_loss': 0.4836, 'training_loss': 0.865, 'best_epoch': 4, 'status': 'success'}",6
gen5_ind002,5,0,0.3433125284243457,success,False,"[0.7537, 0.23602070523659713, 2.4232050224583106, 769.0, 0.0192, 6.561]","{'hidden_dims': [32], 'dropout_rate': 0.2103, 'activation': 'tanh', 'learning_rate': 0.003885, 'weight_decay': 0.0003181, 'l1_lambda': 9.7e-05, 'huber_delta': 1.973, 'batch_size': 16, 'gradient_clip_norm': 2.0, 'epochs': 83}","{'validation_mae': 0.7537, 'generalization_gap': 0.236, 'val_loss_variance': 2.423205, 'trainable_parameters': 769, 'inference_latency_ms': 0.0192, 'training_time_seconds': 6.561, 'validation_rmse': 1.0154, 'validation_r2': -0.0392, 'validation_loss': 0.5187, 'training_loss': 0.7548, 'best_epoch': 12, 'status': 'success'}",6
gen0_ind001,0,0,0.3286758762291395,success,False,"[0.753, 0.374581690132618, 5.498000005534723, 769.0, 0.0192, 6.561]","{'hidden_dims': [32], 'dropout_rate': 0.2194, 'activation': 'tanh', 'learning_rate': 0.005214, 'weight_decay': 0.0006158, 'l1_lambda': 9.42e-05, 'huber_delta': 1.963, 'batch_size': 64, 'gradient_clip_norm': 2.0, 'epochs': 83}","{'validation_mae': 0.753, 'generalization_gap': 0.3746, 'val_loss_variance': 5.498, 'trainable_parameters': 769, 'inference_latency_ms': 0.0192, 'training_time_seconds': 6.561, 'validation_rmse': 1.0036, 'validation_r2': -0.015, 'validation_loss': 0.4751, 'training_loss': 0.8497, 'best_epoch': 17, 'status': 'success'}",6
gen6_ind014,6,0,0.2984762839182452,success,False,"[0.7537, 0.08112786923136028, 0.003741902436549085, 13313.0, 0.3328, 119.128]","{'hidden_dims': [128, 64, 32], 'dropout_rate': 0.0, 'activation': 'tanh', 'learning_rate': 0.0038, 'weight_decay': 0.0013576, 'l1_lambda': 0.0002874, 'huber_delta': 1.716, 'batch_size': 32, 'gradient_clip_norm': 0.5, 'epochs': 87}","{'validation_mae': 0.7537, 'generalization_gap': 0.0811, 'val_loss_variance': 0.003742, 'trainable_parameters': 13313, 'inference_latency_ms': 0.3328, 'training_time_seconds': 119.128, 'validation_rmse': 0.9935, 'validation_r2': 0.0053, 'validation_loss': 0.4739, 'training_loss': 0.5551, 'best_epoch': 4, 'status': 'success'}",6
gen5_ind000,5,0,inf,success,False,"[0.7721, 0.016327656172065108, 0.04382617406599723, 769.0, 0.0192, 4.585]","{'hidden_dims': [32], 'dropout_rate': 0.3279, 'activation': 'relu', 'learning_rate': 0.008441, 'weight_decay': 0.0002697, 'l1_lambda': 0.0001522, 'huber_delta': 1.971, 'batch_size': 16, 'gradient_clip_norm': 2.0, 'epochs': 58}","{'validation_mae': 0.7721, 'generalization_gap': 0.0163, 'val_loss_variance': 0.043826, 'trainable_parameters': 769, 'inference_latency_ms': 0.0192, 'training_time_seconds': 4.585, 'validation_rmse': 1.0239, 'validation_r2': -0.0565, 'validation_loss': 0.5658, 'training_loss': 0.5821, 'best_epoch': 38, 'status': 'success'}",7
gen6_ind000,6,0,inf,success,False,"[0.7582, 0.35019017159938814, 5.8038030227717705, 769.0, 0.0192, 5.849]","{'hidden_dims': [32], 'dropout_rate': 0.2272, 'activation': 'tanh', 'learning_rate': 0.005208, 'weight_decay': 0.000688, 'l1_lambda': 8.91e-05, 'huber_delta': 2.0, 'batch_size': 64, 'gradient_clip_norm': 2.0, 'epochs': 74}","{'validation_mae': 0.7582, 'generalization_gap': 0.3502, 'val_loss_variance': 5.803803, 'trainable_parameters': 769, 'inference_latency_ms': 0.0192, 'training_time_seconds': 5.849, 'validation_rmse': 1.0031, 'validation_r2': -0.0141, 'validation_loss': 0.4986, 'training_loss': 0.8488, 'best_epoch': 21, 'status': 'success'}",7
gen6_ind005,6,0,inf,success,False,"[0.7741, 0.06609873585252146, 0.005141930809360554, 769.0, 0.0192, 5.928]","{'hidden_dims': [32], 'dropout_rate': 0.2674, 'activation': 'tanh', 'learning_rate': 0.01, 'weight_decay': 0.0002697, 'l1_lambda': 4.62e-05, 'huber_delta': 2.0, 'batch_size': 16, 'gradient_clip_norm': 0.5, 'epochs': 75}","{'validation_mae': 0.7741, 'generalization_gap': 0.0661, 'val_loss_variance': 0.005142, 'trainable_parameters': 769, 'inference_latency_ms': 0.0192, 'training_time_seconds': 5.928, 'validation_rmse': 1.0217, 'validation_r2': -0.0521, 'validation_loss': 0.5348, 'training_loss': 0.6009, 'best_epoch': 22, 'status': 'success'}",7
gen7_ind002,7,0,0.41402121758526705,success,True,"[0.7487, 0.5834590396038573, 1.3493474785571336, 3585.0, 0.0896, 29.864]","{'hidden_dims': [64, 32], 'dropout_rate': 0.5, 'activation': 'tanh', 'learning_rate': 0.000461, 'weight_decay': 3.91e-05, 'l1_lambda': 0.0004543, 'huber_delta': 0.772, 'batch_size': 32, 'gradient_clip_norm': 0.5, 'epochs': 81}","{'validation_mae': 0.7487, 'generalization_gap': 0.5835, 'val_loss_variance': 1.349347, 'trainable_parameters': 3585, 'inference_latency_ms': 0.0896, 'training_time_seconds': 29.864, 'validation_rmse': 1.0119, 'validation_r2': -0.032, 'validation_loss': 0.3537, 'training_loss': 0.9371, 'best_epoch': 63, 'status': 'success'}",7
gen4_ind007,4,0,inf,success,False,"[0.7441, 0.13878167167245614, 0.00017262798317463628, 13313.0, 0.3328, 106.804]","{'hidden_dims': [128, 64, 32], 'dropout_rate': 0.2706, 'activation': 'tanh', 'learning_rate': 0.007899, 'weight_decay': 0.000218, 'l1_lambda': 0.0, 'huber_delta': 0.677, 'batch_size': 16, 'gradient_clip_norm': 0.5, 'epochs': 78}","{'validation_mae': 0.7441, 'generalization_gap': 0.1388, 'val_loss_variance': 0.000173, 'trainable_parameters': 13313, 'inference_latency_ms': 0.3328, 'training_time_seconds': 106.804, 'validation_rmse': 1.0143, 'validation_r2': -0.0369, 'validation_loss': 0.3242, 'training_loss': 0.463, 'best_epoch': 1, 'status': 'success'}",7
gen3_ind005,3,0,inf,success,False,"[0.743, 0.16295941023208838, 0.028559513648284598, 13313.0, 0.3328, 106.804]","{'hidden_dims': [128, 64, 32], 'dropout_rate': 0.3028, 'activation': 'relu', 'learning_rate': 0.006941, 'weight_decay': 0.0003131, 'l1_lambda': 9.8e-06, 'huber_delta': 1.268, 'batch_size': 16, 'gradient_clip_norm': 0.5, 'epochs': 78}","{'validation_mae': 0.743, 'generalization_gap': 0.163, 'val_loss_variance': 0.02856, 'trainable_parameters': 13313, 'inference_latency_ms': 0.3328, 'training_time_seconds': 106.804, 'validation_rmse': 1.0074, 'validation_r2': -0.0229, 'validation_loss': 0.4477, 'training_loss': 0.6106, 'best_epoch': 16, 'status': 'success'}",7
gen4_ind006,4,0,inf,success,False,"[0.8081, 0.006177253292915519, 0.031187282631771302, 13313.0, 0.3328, 119.128]","{'hidden_dims': [128, 64, 32], 'dropout_rate': 0.0322, 'activation': 'relu', 'learning_rate': 0.004396, 'weight_decay': 0.0010316, 'l1_lambda': 0.0003216, 'huber_delta': 2.0, 'batch_size': 32, 'gradient_clip_norm': 0.5, 'epochs': 87}","{'validation_mae': 0.8081, 'generalization_gap': 0.0062, 'val_loss_variance': 0.031187, 'trainable_parameters': 13313, 'inference_latency_ms': 0.3328, 'training_time_seconds': 119.128, 'validation_rmse': 1.0378, 'validation_r2': -0.0855, 'validation_loss': 0.6414, 'training_loss': 0.6353, 'best_epoch': 33, 'status': 'success'}",7
gen4_ind005,4,0,0.9737282155424893,success,False,"[0.7464, 0.010580178938413898, 0.01483426683694441, 3585.0, 0.0896, 32.076]","{'hidden_dims': [64, 32], 'dropout_rate': 0.0, 'activation': 'tanh', 'learning_rate': 0.009722, 'weight_decay': 0.0006972, 'l1_lambda': 0.0002188, 'huber_delta': 1.691, 'batch_size': 32, 'gradient_clip_norm': 0.5, 'epochs': 87}","{'validation_mae': 0.7464, 'generalization_gap': 0.0106, 'val_loss_variance': 0.014834, 'trainable_parameters': 3585, 'inference_latency_ms': 0.0896, 'training_time_seconds': 32.076, 'validation_rmse': 1.0096, 'validation_r2': -0.0273, 'validation_loss': 0.5245, 'training_loss': 0.5351, 'best_epoch': 2, 'status': 'success'}",7
gen7_ind003,7,0,1.1030016496082995,success,True,"[0.747, 0.4153083450036493, 3.581069060633705, 1281.0, 0.032, 8.561]","{'hidden_dims': [32, 16], 'dropout_rate': 0.2026, 'activation': 'tanh', 'learning_rate': 0.000945, 'weight_decay': 9.52e-05, 'l1_lambda': 5.14e-05, 'huber_delta': 1.483, 'batch_size': 16, 'gradient_clip_norm': 0.5, 'epochs': 65}","{'validation_mae': 0.747, 'generalization_gap': 0.4153, 'val_loss_variance': 3.581069, 'trainable_parameters': 1281, 'inference_latency_ms': 0.032, 'training_time_seconds': 8.561, 'validation_rmse': 1.0074, 'validation_r2': -0.0229, 'validation_loss': 0.4551, 'training_loss': 0.8704, 'best_epoch': 13, 'status': 'success'}",7
gen7_ind006,7,0,0.7254710835966658,success,False,"[0.7623, 0.24408624686210262, 4.234514873800893, 769.0, 0.0192, 4.664]","{'hidden_dims': [32], 'dropout_rate': 0.2028, 'activation': 'tanh', 'learning_rate': 0.000944, 'weight_decay': 9.52e-05, 'l1_lambda': 5.15e-05, 'huber_delta': 1.347, 'batch_size': 16, 'gradient_clip_norm': 0.5, 'epochs': 59}","{'validation_mae': 0.7623, 'generalization_gap': 0.2441, 'val_loss_variance': 4.234515, 'trainable_parameters': 769, 'inference_latency_ms': 0.0192, 'training_time_seconds': 4.664, 'validation_rmse': 1.0133, 'validation_r2': -0.0349, 'validation_loss': 0.4712, 'training_loss': 0.7153, 'best_epoch': 22, 'status': 'success'}",7
gen4_ind015,4,0,0.8489186187094987,success,False,"[0.7579, 0.2263154741516687, 0.0009759696054788818, 13313.0, 0.3328, 91.742]","{'hidden_dims': [128, 64, 32], 'dropout_rate': 0.2358, 'activation': 'tanh', 'learning_rate': 0.006967, 'weight_decay': 7.57e-05, 'l1_lambda': 6.59e-05, 'huber_delta': 1.971, 'batch_size': 32, 'gradient_clip_norm': 1.0, 'epochs': 67}","{'validation_mae': 0.7579, 'generalization_gap': 0.2263, 'val_loss_variance': 0.000976, 'trainable_parameters': 13313, 'inference_latency_ms': 0.3328, 'training_time_seconds': 91.742, 'validation_rmse': 0.9961, 'validation_r2': -0.0001, 'validation_loss': 0.4891, 'training_loss': 0.7154, 'best_epoch': 18, 'status': 'success'}",7
gen7_ind001,7,0,0.6400834018964545,success,False,"[0.7491, 0.3345163330435753, 0.9193308100942752, 3585.0, 0.0896, 27.283]","{'hidden_dims': [64, 32], 'dropout_rate': 0.3494, 'activation': 'tanh', 'learning_rate': 0.004916, 'weight_decay': 0.0010487, 'l1_lambda': 4.65e-05, 'huber_delta': 1.632, 'batch_size': 64, 'gradient_clip_norm': 2.0, 'epochs': 74}","{'validation_mae': 0.7491, 'generalization_gap': 0.3345, 'val_loss_variance': 0.919331, 'trainable_parameters': 3585, 'inference_latency_ms': 0.0896, 'training_time_seconds': 27.283, 'validation_rmse': 1.0108, 'validation_r2': -0.0297, 'validation_loss': 0.4747, 'training_loss': 0.8092, 'best_epoch': 11, 'status': 'success'}",7
gen5_ind002,5,0,0.4961175473775586,success,False,"[0.7537, 0.23602070523659713, 2.4232050224583106, 769.0, 0.0192, 6.561]","{'hidden_dims': [32], 'dropout_rate': 0.2103, 'activation': 'tanh', 'learning_rate': 0.003885, 'weight_decay': 0.0003181, 'l1_lambda': 9.7e-05, 'huber_delta': 1.973, 'batch_size': 16, 'gradient_clip_norm': 2.0, 'epochs': 83}","{'validation_mae': 0.7537, 'generalization_gap': 0.236, 'val_loss_variance': 2.423205, 'trainable_parameters': 769, 'inference_latency_ms': 0.0192, 'training_time_seconds': 6.561, 'validation_rmse': 1.0154, 'validation_r2': -0.0392, 'validation_loss': 0.5187, 'training_loss': 0.7548, 'best_epoch': 12, 'status': 'success'}",7
gen3_ind013,3,0,inf,success,False,"[0.7487, 0.5834590396038573, 1.3493474785571336, 3585.0, 0.0896, 29.864]","{'hidden_dims': [64, 32], 'dropout_rate': 0.5, 'activation': 'tanh', 'learning_rate': 0.000461, 'weight_decay': 3.91e-05, 'l1_lambda': 0.0004543, 'huber_delta': 0.772, 'batch_size': 32, 'gradient_clip_norm': 0.5, 'epochs': 81}","{'validation_mae': 0.7487, 'generalization_gap': 0.5835, 'val_loss_variance': 1.349347, 'trainable_parameters': 3585, 'inference_latency_ms': 0.0896, 'training_time_seconds': 29.864, 'validation_rmse': 1.0119, 'validation_r2': -0.032, 'validation_loss': 0.3537, 'training_loss': 0.9371, 'best_epoch': 63, 'status': 'success'}",7
gen0_ind001,0,0,0.401783000907722,success,False,"[0.753, 0.374581690132618, 5.498000005534723, 769.0, 0.0192, 6.561]","{'hidden_dims': [32], 'dropout_rate': 0.2194, 'activation': 'tanh', 'learning_rate': 0.005214, 'weight_decay': 0.0006158, 'l1_lambda': 9.42e-05, 'huber_delta': 1.963, 'batch_size': 64, 'gradient_clip_norm': 2.0, 'epochs': 83}","{'validation_mae': 0.753, 'generalization_gap': 0.3746, 'val_loss_variance': 5.498, 'trainable_parameters': 769, 'inference_latency_ms': 0.0192, 'training_time_seconds': 6.561, 'validation_rmse': 1.0036, 'validation_r2': -0.015, 'validation_loss': 0.4751, 'training_loss': 0.8497, 'best_epoch': 17, 'status': 'success'}",7
gen6_ind008,6,0,0.3265222996912417,success,False,"[0.753, 0.38137308812817106, 0.00031315946753043356, 1281.0, 0.032, 10.932]","{'hidden_dims': [32, 16], 'dropout_rate': 0.2176, 'activation': 'tanh', 'learning_rate': 0.005223, 'weight_decay': 0.0006178, 'l1_lambda': 9.55e-05, 'huber_delta': 1.945, 'batch_size': 16, 'gradient_clip_norm': 2.0, 'epochs': 83}","{'validation_mae': 0.753, 'generalization_gap': 0.3814, 'val_loss_variance': 0.000313, 'trainable_parameters': 1281, 'inference_latency_ms': 0.032, 'training_time_seconds': 10.932, 'validation_rmse': 0.9968, 'validation_r2': -0.0013, 'validation_loss': 0.4836, 'training_loss': 0.865, 'best_epoch': 4, 'status': 'success'}",7
gen5_ind000,5,0,inf,success,False,"[0.7721, 0.016327656172065108, 0.04382617406599723, 769.0, 0.0192, 4.585]","{'hidden_dims': [32], 'dropout_rate': 0.3279, 'activation': 'relu', 'learning_rate': 0.008441, 'weight_decay': 0.0002697, 'l1_lambda': 0.0001522, 'huber_delta': 1.971, 'batch_size': 16, 'gradient_clip_norm': 2.0, 'epochs': 58}","{'validation_mae': 0.7721, 'generalization_gap': 0.0163, 'val_loss_variance': 0.043826, 'trainable_parameters': 769, 'inference_latency_ms': 0.0192, 'training_time_seconds': 4.585, 'validation_rmse': 1.0239, 'validation_r2': -0.0565, 'validation_loss': 0.5658, 'training_loss': 0.5821, 'best_epoch': 38, 'status': 'success'}",8
gen6_ind000,6,0,inf,success,False,"[0.7582, 0.35019017159938814, 5.8038030227717705, 769.0, 0.0192, 5.849]","{'hidden_dims': [32], 'dropout_rate': 0.2272, 'activation': 'tanh', 'learning_rate': 0.005208, 'weight_decay': 0.000688, 'l1_lambda': 8.91e-05, 'huber_delta': 2.0, 'batch_size': 64, 'gradient_clip_norm': 2.0, 'epochs': 74}","{'validation_mae': 0.7582, 'generalization_gap': 0.3502, 'val_loss_variance': 5.803803, 'trainable_parameters': 769, 'inference_latency_ms': 0.0192, 'training_time_seconds': 5.849, 'validation_rmse': 1.0031, 'validation_r2': -0.0141, 'validation_loss': 0.4986, 'training_loss': 0.8488, 'best_epoch': 21, 'status': 'success'}",8
gen6_ind005,6,0,inf,success,False,"[0.7741, 0.06609873585252146, 0.005141930809360554, 769.0, 0.0192, 5.928]","{'hidden_dims': [32], 'dropout_rate': 0.2674, 'activation': 'tanh', 'learning_rate': 0.01, 'weight_decay': 0.0002697, 'l1_lambda': 4.62e-05, 'huber_delta': 2.0, 'batch_size': 16, 'gradient_clip_norm': 0.5, 'epochs': 75}","{'validation_mae': 0.7741, 'generalization_gap': 0.0661, 'val_loss_variance': 0.005142, 'trainable_parameters': 769, 'inference_latency_ms': 0.0192, 'training_time_seconds': 5.928, 'validation_rmse': 1.0217, 'validation_r2': -0.0521, 'validation_loss': 0.5348, 'training_loss': 0.6009, 'best_epoch': 22, 'status': 'success'}",8
gen3_ind013,3,0,0.436028250630439,success,False,"[0.7487, 0.5834590396038573, 1.3493474785571336, 3585.0, 0.0896, 29.864]","{'hidden_dims': [64, 32], 'dropout_rate': 0.5, 'activation': 'tanh', 'learning_rate': 0.000461, 'weight_decay': 3.91e-05, 'l1_lambda': 0.0004543, 'huber_delta': 0.772, 'batch_size': 32, 'gradient_clip_norm': 0.5, 'epochs': 81}","{'validation_mae': 0.7487, 'generalization_gap': 0.5835, 'val_loss_variance': 1.349347, 'trainable_parameters': 3585, 'inference_latency_ms': 0.0896, 'training_time_seconds': 29.864, 'validation_rmse': 1.0119, 'validation_r2': -0.032, 'validation_loss': 0.3537, 'training_loss': 0.9371, 'best_epoch': 63, 'status': 'success'}",8
gen8_ind013,8,0,inf,success,False,"[0.7395, 0.03482713474918475, 0.011389183041693536, 13313.0, 0.3328, 93.111]","{'hidden_dims': [128, 64, 32], 'dropout_rate': 0.2752, 'activation': 'relu', 'learning_rate': 0.01, 'weight_decay': 0.0002248, 'l1_lambda': 1.4e-06, 'huber_delta': 0.593, 'batch_size': 16, 'gradient_clip_norm': 0.5, 'epochs': 68}","{'validation_mae': 0.7395, 'generalization_gap': 0.0348, 'val_loss_variance': 0.011389, 'trainable_parameters': 13313, 'inference_latency_ms': 0.3328, 'training_time_seconds': 93.111, 'validation_rmse': 1.0048, 'validation_r2': -0.0175, 'validation_loss': 0.3062, 'training_loss': 0.341, 'best_epoch': 19, 'status': 'success'}",8
gen4_ind007,4,0,inf,success,False,"[0.7441, 0.13878167167245614, 0.00017262798317463628, 13313.0, 0.3328, 106.804]","{'hidden_dims': [128, 64, 32], 'dropout_rate': 0.2706, 'activation': 'tanh', 'learning_rate': 0.007899, 'weight_decay': 0.000218, 'l1_lambda': 0.0, 'huber_delta': 0.677, 'batch_size': 16, 'gradient_clip_norm': 0.5, 'epochs': 78}","{'validation_mae': 0.7441, 'generalization_gap': 0.1388, 'val_loss_variance': 0.000173, 'trainable_parameters': 13313, 'inference_latency_ms': 0.3328, 'training_time_seconds': 106.804, 'validation_rmse': 1.0143, 'validation_r2': -0.0369, 'validation_loss': 0.3242, 'training_loss': 0.463, 'best_epoch': 1, 'status': 'success'}",8
gen8_ind006,8,0,inf,success,False,"[0.762, 0.0030603355422675893, 0.012583518228441662, 13313.0, 0.3328, 116.389]","{'hidden_dims': [128, 64, 32], 'dropout_rate': 0.0338, 'activation': 'relu', 'learning_rate': 0.003612, 'weight_decay': 0.0007935, 'l1_lambda': 0.0002609, 'huber_delta': 2.0, 'batch_size': 16, 'gradient_clip_norm': 0.5, 'epochs': 85}","{'validation_mae': 0.762, 'generalization_gap': 0.0031, 'val_loss_variance': 0.012584, 'trainable_parameters': 13313, 'inference_latency_ms': 0.3328, 'training_time_seconds': 116.389, 'validation_rmse': 1.0214, 'validation_r2': -0.0515, 'validation_loss': 0.5236, 'training_loss': 0.5266, 'best_epoch': 40, 'status': 'success'}",8
gen7_ind003,7,0,1.1332002838994242,success,True,"[0.747, 0.4153083450036493, 3.581069060633705, 1281.0, 0.032, 8.561]","{'hidden_dims': [32, 16], 'dropout_rate': 0.2026, 'activation': 'tanh', 'learning_rate': 0.000945, 'weight_decay': 9.52e-05, 'l1_lambda': 5.14e-05, 'huber_delta': 1.483, 'batch_size': 16, 'gradient_clip_norm': 0.5, 'epochs': 65}","{'validation_mae': 0.747, 'generalization_gap': 0.4153, 'val_loss_variance': 3.581069, 'trainable_parameters': 1281, 'inference_latency_ms': 0.032, 'training_time_seconds': 8.561, 'validation_rmse': 1.0074, 'validation_r2': -0.0229, 'validation_loss': 0.4551, 'training_loss': 0.8704, 'best_epoch': 13, 'status': 'success'}",8
gen4_ind005,4,0,1.0328549214648266,success,False,"[0.7464, 0.010580178938413898, 0.01483426683694441, 3585.0, 0.0896, 32.076]","{'hidden_dims': [64, 32], 'dropout_rate': 0.0, 'activation': 'tanh', 'learning_rate': 0.009722, 'weight_decay': 0.0006972, 'l1_lambda': 0.0002188, 'huber_delta': 1.691, 'batch_size': 32, 'gradient_clip_norm': 0.5, 'epochs': 87}","{'validation_mae': 0.7464, 'generalization_gap': 0.0106, 'val_loss_variance': 0.014834, 'trainable_parameters': 3585, 'inference_latency_ms': 0.0896, 'training_time_seconds': 32.076, 'validation_rmse': 1.0096, 'validation_r2': -0.0273, 'validation_loss': 0.5245, 'training_loss': 0.5351, 'best_epoch': 2, 'status': 'success'}",8
gen4_ind015,4,0,0.844338867138764,success,False,"[0.7579, 0.2263154741516687, 0.0009759696054788818, 13313.0, 0.3328, 91.742]","{'hidden_dims': [128, 64, 32], 'dropout_rate': 0.2358, 'activation': 'tanh', 'learning_rate': 0.006967, 'weight_decay': 7.57e-05, 'l1_lambda': 6.59e-05, 'huber_delta': 1.971, 'batch_size': 32, 'gradient_clip_norm': 1.0, 'epochs': 67}","{'validation_mae': 0.7579, 'generalization_gap': 0.2263, 'val_loss_variance': 0.000976, 'trainable_parameters': 13313, 'inference_latency_ms': 0.3328, 'training_time_seconds': 91.742, 'validation_rmse': 0.9961, 'validation_r2': -0.0001, 'validation_loss': 0.4891, 'training_loss': 0.7154, 'best_epoch': 18, 'status': 'success'}",8
gen7_ind006,7,0,0.8170395483669882,success,False,"[0.7623, 0.24408624686210262, 4.234514873800893, 769.0, 0.0192, 4.664]","{'hidden_dims': [32], 'dropout_rate': 0.2028, 'activation': 'tanh', 'learning_rate': 0.000944, 'weight_decay': 9.52e-05, 'l1_lambda': 5.15e-05, 'huber_delta': 1.347, 'batch_size': 16, 'gradient_clip_norm': 0.5, 'epochs': 59}","{'validation_mae': 0.7623, 'generalization_gap': 0.2441, 'val_loss_variance': 4.234515, 'trainable_parameters': 769, 'inference_latency_ms': 0.0192, 'training_time_seconds': 4.664, 'validation_rmse': 1.0133, 'validation_r2': -0.0349, 'validation_loss': 0.4712, 'training_loss': 0.7153, 'best_epoch': 22, 'status': 'success'}",8
gen5_ind002,5,0,0.5774904238109942,success,False,"[0.7537, 0.23602070523659713, 2.4232050224583106, 769.0, 0.0192, 6.561]","{'hidden_dims': [32], 'dropout_rate': 0.2103, 'activation': 'tanh', 'learning_rate': 0.003885, 'weight_decay': 0.0003181, 'l1_lambda': 9.7e-05, 'huber_delta': 1.973, 'batch_size': 16, 'gradient_clip_norm': 2.0, 'epochs': 83}","{'validation_mae': 0.7537, 'generalization_gap': 0.236, 'val_loss_variance': 2.423205, 'trainable_parameters': 769, 'inference_latency_ms': 0.0192, 'training_time_seconds': 6.561, 'validation_rmse': 1.0154, 'validation_r2': -0.0392, 'validation_loss': 0.5187, 'training_loss': 0.7548, 'best_epoch': 12, 'status': 'success'}",8
gen7_ind001,7,0,0.4826144246511377,success,False,"[0.7491, 0.3345163330435753, 0.9193308100942752, 3585.0, 0.0896, 27.283]","{'hidden_dims': [64, 32], 'dropout_rate': 0.3494, 'activation': 'tanh', 'learning_rate': 0.004916, 'weight_decay': 0.0010487, 'l1_lambda': 4.65e-05, 'huber_delta': 1.632, 'batch_size': 64, 'gradient_clip_norm': 2.0, 'epochs': 74}","{'validation_mae': 0.7491, 'generalization_gap': 0.3345, 'val_loss_variance': 0.919331, 'trainable_parameters': 3585, 'inference_latency_ms': 0.0896, 'training_time_seconds': 27.283, 'validation_rmse': 1.0108, 'validation_r2': -0.0297, 'validation_loss': 0.4747, 'training_loss': 0.8092, 'best_epoch': 11, 'status': 'success'}",8
gen8_ind015,8,0,0.4250399442216869,success,False,"[0.7523, 0.31195790486538455, 0.5173174512276283, 769.0, 0.0192, 6.245]","{'hidden_dims': [32], 'dropout_rate': 0.2549, 'activation': 'tanh', 'learning_rate': 0.007397, 'weight_decay': 0.0002815, 'l1_lambda': 3.33e-05, 'huber_delta': 1.997, 'batch_size': 16, 'gradient_clip_norm': 2.0, 'epochs': 79}","{'validation_mae': 0.7523, 'generalization_gap': 0.312, 'val_loss_variance': 0.517317, 'trainable_parameters': 769, 'inference_latency_ms': 0.0192, 'training_time_seconds': 6.245, 'validation_rmse': 1.0167, 'validation_r2': -0.0417, 'validation_loss': 0.4881, 'training_loss': 0.8001, 'best_epoch': 4, 'status': 'success'}",8
gen7_ind002,7,0,inf,success,True,"[0.7487, 0.5834590396038573, 1.3493474785571336, 3585.0, 0.0896, 29.864]","{'hidden_dims': [64, 32], 'dropout_rate': 0.5, 'activation': 'tanh', 'learning_rate': 0.000461, 'weight_decay': 3.91e-05, 'l1_lambda': 0.0004543, 'huber_delta': 0.772, 'batch_size': 32, 'gradient_clip_norm': 0.5, 'epochs': 81}","{'validation_mae': 0.7487, 'generalization_gap': 0.5835, 'val_loss_variance': 1.349347, 'trainable_parameters': 3585, 'inference_latency_ms': 0.0896, 'training_time_seconds': 29.864, 'validation_rmse': 1.0119, 'validation_r2': -0.032, 'validation_loss': 0.3537, 'training_loss': 0.9371, 'best_epoch': 63, 'status': 'success'}",8
gen6_ind008,6,0,0.40188284689054965,success,False,"[0.753, 0.38137308812817106, 0.00031315946753043356, 1281.0, 0.032, 10.932]","{'hidden_dims': [32, 16], 'dropout_rate': 0.2176, 'activation': 'tanh', 'learning_rate': 0.005223, 'weight_decay': 0.0006178, 'l1_lambda': 9.55e-05, 'huber_delta': 1.945, 'batch_size': 16, 'gradient_clip_norm': 2.0, 'epochs': 83}","{'validation_mae': 0.753, 'generalization_gap': 0.3814, 'val_loss_variance': 0.000313, 'trainable_parameters': 1281, 'inference_latency_ms': 0.032, 'training_time_seconds': 10.932, 'validation_rmse': 0.9968, 'validation_r2': -0.0013, 'validation_loss': 0.4836, 'training_loss': 0.865, 'best_epoch': 4, 'status': 'success'}",8
gen9_ind008,9,0,inf,success,False,"[0.7643, 0.14493214655742948, 0.03757206335773544, 769.0, 0.0192, 4.585]","{'hidden_dims': [32], 'dropout_rate': 0.3065, 'activation': 'tanh', 'learning_rate': 0.008436, 'weight_decay': 0.0002697, 'l1_lambda': 0.0001499, 'huber_delta': 1.973, 'batch_size': 16, 'gradient_clip_norm': 0.5, 'epochs': 58}","{'validation_mae': 0.7643, 'generalization_gap': 0.1449, 'val_loss_variance': 0.037572, 'trainable_parameters': 769, 'inference_latency_ms': 0.0192, 'training_time_seconds': 4.585, 'validation_rmse': 1.0106, 'validation_r2': -0.0294, 'validation_loss': 0.5569, 'training_loss': 0.7019, 'best_epoch': 19, 'status': 'success'}",9
gen9_ind003,9,0,inf,success,False,"[0.7594, 0.14644652547744608, 0.0041931349650364165, 769.0, 0.0192, 5.928]","{'hidden_dims': [32], 'dropout_rate': 0.2674, 'activation': 'tanh', 'learning_rate': 0.01, 'weight_decay': 0.0003769, 'l1_lambda': 4.62e-05, 'huber_delta': 2.0, 'batch_size': 16, 'gradient_clip_norm': 0.5, 'epochs': 75}","{'validation_mae': 0.7594, 'generalization_gap': 0.1464, 'val_loss_variance': 0.004193, 'trainable_parameters': 769, 'inference_latency_ms': 0.0192, 'training_time_seconds': 5.928, 'validation_rmse': 0.9958, 'validation_r2': 0.0005, 'validation_loss': 0.5311, 'training_loss': 0.6775, 'best_epoch': 7, 'status': 'success'}",9
gen6_ind005,6,0,inf,success,False,"[0.7741, 0.06609873585252146, 0.005141930809360554, 769.0, 0.0192, 5.928]","{'hidden_dims': [32], 'dropout_rate': 0.2674, 'activation': 'tanh', 'learning_rate': 0.01, 'weight_decay': 0.0002697, 'l1_lambda': 4.62e-05, 'huber_delta': 2.0, 'batch_size': 16, 'gradient_clip_norm': 0.5, 'epochs': 75}","{'validation_mae': 0.7741, 'generalization_gap': 0.0661, 'val_loss_variance': 0.005142, 'trainable_parameters': 769, 'inference_latency_ms': 0.0192, 'training_time_seconds': 5.928, 'validation_rmse': 1.0217, 'validation_r2': -0.0521, 'validation_loss': 0.5348, 'training_loss': 0.6009, 'best_epoch': 22, 'status': 'success'}",9
gen9_ind000,9,0,inf,success,False,"[0.7512, 0.3490487391408156, 5.872173448084822, 1281.0, 0.032, 8.166]","{'hidden_dims': [32, 16], 'dropout_rate': 0.186, 'activation': 'tanh', 'learning_rate': 0.000454, 'weight_decay': 7.85e-05, 'l1_lambda': 6.19e-05, 'huber_delta': 1.473, 'batch_size': 16, 'gradient_clip_norm': 1.0, 'epochs': 62}","{'validation_mae': 0.7512, 'generalization_gap': 0.349, 'val_loss_variance': 5.872173, 'trainable_parameters': 1281, 'inference_latency_ms': 0.032, 'training_time_seconds': 8.166, 'validation_rmse': 1.0195, 'validation_r2': -0.0475, 'validation_loss': 0.4648, 'training_loss': 0.8139, 'best_epoch': 28, 'status': 'success'}",9
gen7_ind003,7,0,inf,success,True,"[0.747, 0.4153083450036493, 3.581069060633705, 1281.0, 0.032, 8.561]","{'hidden_dims': [32, 16], 'dropout_rate': 0.2026, 'activation': 'tanh', 'learning_rate': 0.000945, 'weight_decay': 9.52e-05, 'l1_lambda': 5.14e-05, 'huber_delta': 1.483, 'batch_size': 16, 'gradient_clip_norm': 0.5, 'epochs': 65}","{'validation_mae': 0.747, 'generalization_gap': 0.4153, 'val_loss_variance': 3.581069, 'trainable_parameters': 1281, 'inference_latency_ms': 0.032, 'training_time_seconds': 8.561, 'validation_rmse': 1.0074, 'validation_r2': -0.0229, 'validation_loss': 0.4551, 'training_loss': 0.8704, 'best_epoch': 13, 'status': 'success'}",9
gen8_ind013,8,0,inf,success,False,"[0.7395, 0.03482713474918475, 0.011389183041693536, 13313.0, 0.3328, 93.111]","{'hidden_dims': [128, 64, 32], 'dropout_rate': 0.2752, 'activation': 'relu', 'learning_rate': 0.01, 'weight_decay': 0.0002248, 'l1_lambda': 1.4e-06, 'huber_delta': 0.593, 'batch_size': 16, 'gradient_clip_norm': 0.5, 'epochs': 68}","{'validation_mae': 0.7395, 'generalization_gap': 0.0348, 'val_loss_variance': 0.011389, 'trainable_parameters': 13313, 'inference_latency_ms': 0.3328, 'training_time_seconds': 93.111, 'validation_rmse': 1.0048, 'validation_r2': -0.0175, 'validation_loss': 0.3062, 'training_loss': 0.341, 'best_epoch': 19, 'status': 'success'}",9
gen9_ind014,9,0,inf,success,False,"[0.7449, 0.09964790804545404, 0.0001603044306636754, 13313.0, 0.3328, 99.958]","{'hidden_dims': [128, 64, 32], 'dropout_rate': 0.2712, 'activation': 'tanh', 'learning_rate': 0.007707, 'weight_decay': 0.0002171, 'l1_lambda': 0.0, 'huber_delta': 0.7, 'batch_size': 16, 'gradient_clip_norm': 0.5, 'epochs': 73}","{'validation_mae': 0.7449, 'generalization_gap': 0.0996, 'val_loss_variance': 0.00016, 'trainable_parameters': 13313, 'inference_latency_ms': 0.3328, 'training_time_seconds': 99.958, 'validation_rmse': 1.02, 'validation_r2': -0.0485, 'validation_loss': 0.3302, 'training_loss': 0.4298, 'best_epoch': 15, 'status': 'success'}",9
gen8_ind006,8,0,inf,success,False,"[0.762, 0.0030603355422675893, 0.012583518228441662, 13313.0, 0.3328, 116.389]","{'hidden_dims': [128, 64, 32], 'dropout_rate': 0.0338, 'activation': 'relu', 'learning_rate': 0.003612, 'weight_decay': 0.0007935, 'l1_lambda': 0.0002609, 'huber_delta': 2.0, 'batch_size': 16, 'gradient_clip_norm': 0.5, 'epochs': 85}","{'validation_mae': 0.762, 'generalization_gap': 0.0031, 'val_loss_variance': 0.012584, 'trainable_parameters': 13313, 'inference_latency_ms': 0.3328, 'training_time_seconds': 116.389, 'validation_rmse': 1.0214, 'validation_r2': -0.0515, 'validation_loss': 0.5236, 'training_loss': 0.5266, 'best_epoch': 40, 'status': 'success'}",9
gen7_ind001,7,0,2.462762418165937,success,False,"[0.7491, 0.3345163330435753, 0.9193308100942752, 3585.0, 0.0896, 27.283]","{'hidden_dims': [64, 32], 'dropout_rate': 0.3494, 'activation': 'tanh', 'learning_rate': 0.004916, 'weight_decay': 0.0010487, 'l1_lambda': 4.65e-05, 'huber_delta': 1.632, 'batch_size': 64, 'gradient_clip_norm': 2.0, 'epochs': 74}","{'validation_mae': 0.7491, 'generalization_gap': 0.3345, 'val_loss_variance': 0.919331, 'trainable_parameters': 3585, 'inference_latency_ms': 0.0896, 'training_time_seconds': 27.283, 'validation_rmse': 1.0108, 'validation_r2': -0.0297, 'validation_loss': 0.4747, 'training_loss': 0.8092, 'best_epoch': 11, 'status': 'success'}",9
gen4_ind005,4,0,0.6727196716160524,success,False,"[0.7464, 0.010580178938413898, 0.01483426683694441, 3585.0, 0.0896, 32.076]","{'hidden_dims': [64, 32], 'dropout_rate': 0.0, 'activation': 'tanh', 'learning_rate': 0.009722, 'weight_decay': 0.0006972, 'l1_lambda': 0.0002188, 'huber_delta': 1.691, 'batch_size': 32, 'gradient_clip_norm': 0.5, 'epochs': 87}","{'validation_mae': 0.7464, 'generalization_gap': 0.0106, 'val_loss_variance': 0.014834, 'trainable_parameters': 3585, 'inference_latency_ms': 0.0896, 'training_time_seconds': 32.076, 'validation_rmse': 1.0096, 'validation_r2': -0.0273, 'validation_loss': 0.5245, 'training_loss': 0.5351, 'best_epoch': 2, 'status': 'success'}",9
gen7_ind006,7,0,0.6952328625915459,success,False,"[0.7623, 0.24408624686210262, 4.234514873800893, 769.0, 0.0192, 4.664]","{'hidden_dims': [32], 'dropout_rate': 0.2028, 'activation': 'tanh', 'learning_rate': 0.000944, 'weight_decay': 9.52e-05, 'l1_lambda': 5.15e-05, 'huber_delta': 1.347, 'batch_size': 16, 'gradient_clip_norm': 0.5, 'epochs': 59}","{'validation_mae': 0.7623, 'generalization_gap': 0.2441, 'val_loss_variance': 4.234515, 'trainable_parameters': 769, 'inference_latency_ms': 0.0192, 'training_time_seconds': 4.664, 'validation_rmse': 1.0133, 'validation_r2': -0.0349, 'validation_loss': 0.4712, 'training_loss': 0.7153, 'best_epoch': 22, 'status': 'success'}",9
gen5_ind002,5,0,0.8604455158669035,success,False,"[0.7537, 0.23602070523659713, 2.4232050224583106, 769.0, 0.0192, 6.561]","{'hidden_dims': [32], 'dropout_rate': 0.2103, 'activation': 'tanh', 'learning_rate': 0.003885, 'weight_decay': 0.0003181, 'l1_lambda': 9.7e-05, 'huber_delta': 1.973, 'batch_size': 16, 'gradient_clip_norm': 2.0, 'epochs': 83}","{'validation_mae': 0.7537, 'generalization_gap': 0.236, 'val_loss_variance': 2.423205, 'trainable_parameters': 769, 'inference_latency_ms': 0.0192, 'training_time_seconds': 6.561, 'validation_rmse': 1.0154, 'validation_r2': -0.0392, 'validation_loss': 0.5187, 'training_loss': 0.7548, 'best_epoch': 12, 'status': 'success'}",9
gen6_ind000,6,0,0.6149801787825203,success,False,"[0.7582, 0.35019017159938814, 5.8038030227717705, 769.0, 0.0192, 5.849]","{'hidden_dims': [32], 'dropout_rate': 0.2272, 'activation': 'tanh', 'learning_rate': 0.005208, 'weight_decay': 0.000688, 'l1_lambda': 8.91e-05, 'huber_delta': 2.0, 'batch_size': 64, 'gradient_clip_norm': 2.0, 'epochs': 74}","{'validation_mae': 0.7582, 'generalization_gap': 0.3502, 'val_loss_variance': 5.803803, 'trainable_parameters': 769, 'inference_latency_ms': 0.0192, 'training_time_seconds': 5.849, 'validation_rmse': 1.0031, 'validation_r2': -0.0141, 'validation_loss': 0.4986, 'training_loss': 0.8488, 'best_epoch': 21, 'status': 'success'}",9
gen9_ind012,9,0,0.5814180786636777,success,False,"[0.748, 0.13544004419554584, 0.0006879023040981662, 3585.0, 0.0896, 28.758]","{'hidden_dims': [64, 32], 'dropout_rate': 0.2649, 'activation': 'tanh', 'learning_rate': 0.007694, 'weight_decay': 0.0001319, 'l1_lambda': 0.0, 'huber_delta': 0.679, 'batch_size': 16, 'gradient_clip_norm': 2.0, 'epochs': 78}","{'validation_mae': 0.748, 'generalization_gap': 0.1354, 'val_loss_variance': 0.000688, 'trainable_parameters': 3585, 'inference_latency_ms': 0.0896, 'training_time_seconds': 28.758, 'validation_rmse': 1.0239, 'validation_r2': -0.0567, 'validation_loss': 0.3354, 'training_loss': 0.4709, 'best_epoch': 12, 'status': 'success'}",9
gen6_ind008,6,0,0.4793893296160944,success,False,"[0.753, 0.38137308812817106, 0.00031315946753043356, 1281.0, 0.032, 10.932]","{'hidden_dims': [32, 16], 'dropout_rate': 0.2176, 'activation': 'tanh', 'learning_rate': 0.005223, 'weight_decay': 0.0006178, 'l1_lambda': 9.55e-05, 'huber_delta': 1.945, 'batch_size': 16, 'gradient_clip_norm': 2.0, 'epochs': 83}","{'validation_mae': 0.753, 'generalization_gap': 0.3814, 'val_loss_variance': 0.000313, 'trainable_parameters': 1281, 'inference_latency_ms': 0.032, 'training_time_seconds': 10.932, 'validation_rmse': 0.9968, 'validation_r2': -0.0013, 'validation_loss': 0.4836, 'training_loss': 0.865, 'best_epoch': 4, 'status': 'success'}",9
gen5_ind000,5,0,0.4929229551679923,success,False,"[0.7721, 0.016327656172065108, 0.04382617406599723, 769.0, 0.0192, 4.585]","{'hidden_dims': [32], 'dropout_rate': 0.3279, 'activation': 'relu', 'learning_rate': 0.008441, 'weight_decay': 0.0002697, 'l1_lambda': 0.0001522, 'huber_delta': 1.971, 'batch_size': 16, 'gradient_clip_norm': 2.0, 'epochs': 58}","{'validation_mae': 0.7721, 'generalization_gap': 0.0163, 'val_loss_variance': 0.043826, 'trainable_parameters': 769, 'inference_latency_ms': 0.0192, 'training_time_seconds': 4.585, 'validation_rmse': 1.0239, 'validation_r2': -0.0565, 'validation_loss': 0.5658, 'training_loss': 0.5821, 'best_epoch': 38, 'status': 'success'}",9
gen9_ind008,9,0,inf,success,False,"[0.7643, 0.14493214655742948, 0.03757206335773544, 769.0, 0.0192, 4.585]","{'hidden_dims': [32], 'dropout_rate': 0.3065, 'activation': 'tanh', 'learning_rate': 0.008436, 'weight_decay': 0.0002697, 'l1_lambda': 0.0001499, 'huber_delta': 1.973, 'batch_size': 16, 'gradient_clip_norm': 0.5, 'epochs': 58}","{'validation_mae': 0.7643, 'generalization_gap': 0.1449, 'val_loss_variance': 0.037572, 'trainable_parameters': 769, 'inference_latency_ms': 0.0192, 'training_time_seconds': 4.585, 'validation_rmse': 1.0106, 'validation_r2': -0.0294, 'validation_loss': 0.5569, 'training_loss': 0.7019, 'best_epoch': 19, 'status': 'success'}",10
gen6_ind000,6,0,inf,success,False,"[0.7582, 0.35019017159938814, 5.8038030227717705, 769.0, 0.0192, 5.849]","{'hidden_dims': [32], 'dropout_rate': 0.2272, 'activation': 'tanh', 'learning_rate': 0.005208, 'weight_decay': 0.000688, 'l1_lambda': 8.91e-05, 'huber_delta': 2.0, 'batch_size': 64, 'gradient_clip_norm': 2.0, 'epochs': 74}","{'validation_mae': 0.7582, 'generalization_gap': 0.3502, 'val_loss_variance': 5.803803, 'trainable_parameters': 769, 'inference_latency_ms': 0.0192, 'training_time_seconds': 5.849, 'validation_rmse': 1.0031, 'validation_r2': -0.0141, 'validation_loss': 0.4986, 'training_loss': 0.8488, 'best_epoch': 21, 'status': 'success'}",10
gen9_ind003,9,0,inf,success,False,"[0.7594, 0.14644652547744608, 0.0041931349650364165, 769.0, 0.0192, 5.928]","{'hidden_dims': [32], 'dropout_rate': 0.2674, 'activation': 'tanh', 'learning_rate': 0.01, 'weight_decay': 0.0003769, 'l1_lambda': 4.62e-05, 'huber_delta': 2.0, 'batch_size': 16, 'gradient_clip_norm': 0.5, 'epochs': 75}","{'validation_mae': 0.7594, 'generalization_gap': 0.1464, 'val_loss_variance': 0.004193, 'trainable_parameters': 769, 'inference_latency_ms': 0.0192, 'training_time_seconds': 5.928, 'validation_rmse': 0.9958, 'validation_r2': 0.0005, 'validation_loss': 0.5311, 'training_loss': 0.6775, 'best_epoch': 7, 'status': 'success'}",10
gen6_ind008,6,0,inf,success,False,"[0.753, 0.38137308812817106, 0.00031315946753043356, 1281.0, 0.032, 10.932]","{'hidden_dims': [32, 16], 'dropout_rate': 0.2176, 'activation': 'tanh', 'learning_rate': 0.005223, 'weight_decay': 0.0006178, 'l1_lambda': 9.55e-05, 'huber_delta': 1.945, 'batch_size': 16, 'gradient_clip_norm': 2.0, 'epochs': 83}","{'validation_mae': 0.753, 'generalization_gap': 0.3814, 'val_loss_variance': 0.000313, 'trainable_parameters': 1281, 'inference_latency_ms': 0.032, 'training_time_seconds': 10.932, 'validation_rmse': 0.9968, 'validation_r2': -0.0013, 'validation_loss': 0.4836, 'training_loss': 0.865, 'best_epoch': 4, 'status': 'success'}",10
gen10_ind015,10,0,inf,success,False,"[0.8236, 0.06363755084483735, 0.030078151584915464, 3585.0, 0.0896, 29.864]","{'hidden_dims': [64, 32], 'dropout_rate': 0.0, 'activation': 'gelu', 'learning_rate': 0.009826, 'weight_decay': 4.54e-05, 'l1_lambda': 0.000232, 'huber_delta': 1.769, 'batch_size': 16, 'gradient_clip_norm': 0.5, 'epochs': 81}","{'validation_mae': 0.8236, 'generalization_gap': 0.0636, 'val_loss_variance': 0.030078, 'trainable_parameters': 3585, 'inference_latency_ms': 0.0896, 'training_time_seconds': 29.864, 'validation_rmse': 1.0512, 'validation_r2': -0.1137, 'validation_loss': 0.6611, 'training_loss': 0.5974, 'best_epoch': 16, 'status': 'success'}",10
gen10_ind011,10,0,inf,success,False,"[0.7315, 0.12468062495051124, 0.013868215963592783, 13313.0, 0.3328, 93.111]","{'hidden_dims': [128, 64, 32], 'dropout_rate': 0.2752, 'activation': 'gelu', 'learning_rate': 0.01, 'weight_decay': 0.0002248, 'l1_lambda': 0.0, 'huber_delta': 0.593, 'batch_size': 16, 'gradient_clip_norm': 0.5, 'epochs': 68}","{'validation_mae': 0.7315, 'generalization_gap': 0.1247, 'val_loss_variance': 0.013868, 'trainable_parameters': 13313, 'inference_latency_ms': 0.3328, 'training_time_seconds': 93.111, 'validation_rmse': 0.9938, 'validation_r2': 0.0047, 'validation_loss': 0.3137, 'training_loss': 0.4384, 'best_epoch': 10, 'status': 'success'}",10
gen9_ind014,9,0,inf,success,False,"[0.7449, 0.09964790804545404, 0.0001603044306636754, 13313.0, 0.3328, 99.958]","{'hidden_dims': [128, 64, 32], 'dropout_rate': 0.2712, 'activation': 'tanh', 'learning_rate': 0.007707, 'weight_decay': 0.0002171, 'l1_lambda': 0.0, 'huber_delta': 0.7, 'batch_size': 16, 'gradient_clip_norm': 0.5, 'epochs': 73}","{'validation_mae': 0.7449, 'generalization_gap': 0.0996, 'val_loss_variance': 0.00016, 'trainable_parameters': 13313, 'inference_latency_ms': 0.3328, 'training_time_seconds': 99.958, 'validation_rmse': 1.02, 'validation_r2': -0.0485, 'validation_loss': 0.3302, 'training_loss': 0.4298, 'best_epoch': 15, 'status': 'success'}",10
gen8_ind006,8,0,inf,success,False,"[0.762, 0.0030603355422675893, 0.012583518228441662, 13313.0, 0.3328, 116.389]","{'hidden_dims': [128, 64, 32], 'dropout_rate': 0.0338, 'activation': 'relu', 'learning_rate': 0.003612, 'weight_decay': 0.0007935, 'l1_lambda': 0.0002609, 'huber_delta': 2.0, 'batch_size': 16, 'gradient_clip_norm': 0.5, 'epochs': 85}","{'validation_mae': 0.762, 'generalization_gap': 0.0031, 'val_loss_variance': 0.012584, 'trainable_parameters': 13313, 'inference_latency_ms': 0.3328, 'training_time_seconds': 116.389, 'validation_rmse': 1.0214, 'validation_r2': -0.0515, 'validation_loss': 0.5236, 'training_loss': 0.5266, 'best_epoch': 40, 'status': 'success'}",10
gen10_ind000,10,0,1.7540171147407626,success,False,"[0.7561, 0.06464227509160758, 0.003012158508575556, 11265.0, 0.2816, 100.801]","{'hidden_dims': [128, 64], 'dropout_rate': 0.0, 'activation': 'tanh', 'learning_rate': 0.01, 'weight_decay': 0.0009818, 'l1_lambda': 0.0001851, 'huber_delta': 1.892, 'batch_size': 16, 'gradient_clip_norm': 0.5, 'epochs': 87}","{'validation_mae': 0.7561, 'generalization_gap': 0.0646, 'val_loss_variance': 0.003012, 'trainable_parameters': 11265, 'inference_latency_ms': 0.2816, 'training_time_seconds': 100.801, 'validation_rmse': 0.998, 'validation_r2': -0.0039, 'validation_loss': 0.4869, 'training_loss': 0.5515, 'best_epoch': 19, 'status': 'success'}",10
gen5_ind002,5,0,1.0038667478929595,success,False,"[0.7537, 0.23602070523659713, 2.4232050224583106, 769.0, 0.0192, 6.561]","{'hidden_dims': [32], 'dropout_rate': 0.2103, 'activation': 'tanh', 'learning_rate': 0.003885, 'weight_decay': 0.0003181, 'l1_lambda': 9.7e-05, 'huber_delta': 1.973, 'batch_size': 16, 'gradient_clip_norm': 2.0, 'epochs': 83}","{'validation_mae': 0.7537, 'generalization_gap': 0.236, 'val_loss_variance': 2.423205, 'trainable_parameters': 769, 'inference_latency_ms': 0.0192, 'training_time_seconds': 6.561, 'validation_rmse': 1.0154, 'validation_r2': -0.0392, 'validation_loss': 0.5187, 'training_loss': 0.7548, 'best_epoch': 12, 'status': 'success'}",10
gen7_ind006,7,0,0.9205601706083806,success,False,"[0.7623, 0.24408624686210262, 4.234514873800893, 769.0, 0.0192, 4.664]","{'hidden_dims': [32], 'dropout_rate': 0.2028, 'activation': 'tanh', 'learning_rate': 0.000944, 'weight_decay': 9.52e-05, 'l1_lambda': 5.15e-05, 'huber_delta': 1.347, 'batch_size': 16, 'gradient_clip_norm': 0.5, 'epochs': 59}","{'validation_mae': 0.7623, 'generalization_gap': 0.2441, 'val_loss_variance': 4.234515, 'trainable_parameters': 769, 'inference_latency_ms': 0.0192, 'training_time_seconds': 4.664, 'validation_rmse': 1.0133, 'validation_r2': -0.0349, 'validation_loss': 0.4712, 'training_loss': 0.7153, 'best_epoch': 22, 'status': 'success'}",10
gen8_ind013,8,0,0.8329343348768705,success,False,"[0.7395, 0.03482713474918475, 0.011389183041693536, 13313.0, 0.3328, 93.111]","{'hidden_dims': [128, 64, 32], 'dropout_rate': 0.2752, 'activation': 'relu', 'learning_rate': 0.01, 'weight_decay': 0.0002248, 'l1_lambda': 1.4e-06, 'huber_delta': 0.593, 'batch_size': 16, 'gradient_clip_norm': 0.5, 'epochs': 68}","{'validation_mae': 0.7395, 'generalization_gap': 0.0348, 'val_loss_variance': 0.011389, 'trainable_parameters': 13313, 'inference_latency_ms': 0.3328, 'training_time_seconds': 93.111, 'validation_rmse': 1.0048, 'validation_r2': -0.0175, 'validation_loss': 0.3062, 'training_loss': 0.341, 'best_epoch': 19, 'status': 'success'}",10
gen4_ind005,4,0,1.0478270792623956,success,False,"[0.7464, 0.010580178938413898, 0.01483426683694441, 3585.0, 0.0896, 32.076]","{'hidden_dims': [64, 32], 'dropout_rate': 0.0, 'activation': 'tanh', 'learning_rate': 0.009722, 'weight_decay': 0.0006972, 'l1_lambda': 0.0002188, 'huber_delta': 1.691, 'batch_size': 32, 'gradient_clip_norm': 0.5, 'epochs': 87}","{'validation_mae': 0.7464, 'generalization_gap': 0.0106, 'val_loss_variance': 0.014834, 'trainable_parameters': 3585, 'inference_latency_ms': 0.0896, 'training_time_seconds': 32.076, 'validation_rmse': 1.0096, 'validation_r2': -0.0273, 'validation_loss': 0.5245, 'training_loss': 0.5351, 'best_epoch': 2, 'status': 'success'}",10
gen10_ind009,10,0,0.6470405802199315,success,False,"[0.7494, 0.009711273286024058, 0.07911977389907797, 1281.0, 0.032, 11.195]","{'hidden_dims': [32, 16], 'dropout_rate': 0.0044, 'activation': 'tanh', 'learning_rate': 0.004934, 'weight_decay': 0.0006031, 'l1_lambda': 0.0002576, 'huber_delta': 1.993, 'batch_size': 16, 'gradient_clip_norm': 0.5, 'epochs': 85}","{'validation_mae': 0.7494, 'generalization_gap': 0.0097, 'val_loss_variance': 0.07912, 'trainable_parameters': 1281, 'inference_latency_ms': 0.032, 'training_time_seconds': 11.195, 'validation_rmse': 1.0221, 'validation_r2': -0.0528, 'validation_loss': 0.5256, 'training_loss': 0.5353, 'best_epoch': 3, 'status': 'success'}",10
gen6_ind005,6,0,0.6703497734531071,success,False,"[0.7741, 0.06609873585252146, 0.005141930809360554, 769.0, 0.0192, 5.928]","{'hidden_dims': [32], 'dropout_rate': 0.2674, 'activation': 'tanh', 'learning_rate': 0.01, 'weight_decay': 0.0002697, 'l1_lambda': 4.62e-05, 'huber_delta': 2.0, 'batch_size': 16, 'gradient_clip_norm': 0.5, 'epochs': 75}","{'validation_mae': 0.7741, 'generalization_gap': 0.0661, 'val_loss_variance': 0.005142, 'trainable_parameters': 769, 'inference_latency_ms': 0.0192, 'training_time_seconds': 5.928, 'validation_rmse': 1.0217, 'validation_r2': -0.0521, 'validation_loss': 0.5348, 'training_loss': 0.6009, 'best_epoch': 22, 'status': 'success'}",10
gen10_ind010,10,0,0.5479618557894266,success,False,"[0.7452, 0.07205069686478449, 0.14681425628200073, 769.0, 0.0192, 6.798]","{'hidden_dims': [32], 'dropout_rate': 0.2674, 'activation': 'tanh', 'learning_rate': 0.01, 'weight_decay': 0.0003769, 'l1_lambda': 4.62e-05, 'huber_delta': 2.0, 'batch_size': 16, 'gradient_clip_norm': 0.5, 'epochs': 86}","{'validation_mae': 0.7452, 'generalization_gap': 0.0721, 'val_loss_variance': 0.146814, 'trainable_parameters': 769, 'inference_latency_ms': 0.0192, 'training_time_seconds': 6.798, 'validation_rmse': 1.0026, 'validation_r2': -0.0131, 'validation_loss': 0.5535, 'training_loss': 0.6255, 'best_epoch': 16, 'status': 'success'}",10
